site_id,gender,age_group,3HP (Started New on ART),6H (Started New on ART),3HP (Started Previously on ART),6H (Started Previously on ART)
1000,Female,20-24 years,0,1,0,1
site_id,gender,age_group,3HP (Started New on ART),6H (Started New on ART),3HP (Started Previously on ART),6H (Started Previously on ART)
1006,Female,25-29 years,0,0,1,0
site_id,gender,age_group,3HP (Started New on ART),6H (Started New on ART),3HP (Started Previously on ART),6H (Started Previously on ART)
1008,Female,25-29 years,1,0,1,0
site_id,gender,age_group,3HP (Started New on ART),6H (Started New on ART),3HP (Started Previously on ART),6H (Started Previously on ART)
1012,Female,15-19 years,1,0,1,0
1012,Female,20-24 years,1,0,1,0
1012,Female,30-34 years,1,1,1,1
1012,Female,40-44 years,1,0,1,0
1012,Male,45-49 years,1,0,1,0
1012,Male,55-59 years,1,0,1,0
site_id,gender,age_group,3HP (Started New on ART),6H (Started New on ART),3HP (Started Previously on ART),6H (Started Previously on ART)
1015,Male,35-39 years,1,0,1,0
site_id,gender,age_group,3HP (Started New on ART),6H (Started New on ART),3HP (Started Previously on ART),6H (Started Previously on ART)
101,Female,40-44 years,1,0,1,0
101,Male,25-29 years,1,0,1,0
101,Male,40-44 years,1,0,1,0
site_id,gender,age_group,3HP (Started New on ART),6H (Started New on ART),3HP (Started Previously on ART),6H (Started Previously on ART)
1023,Female,25-29 years,1,0,1,0
site_id,gender,age_group,3HP (Started New on ART),6H (Started New on ART),3HP (Started Previously on ART),6H (Started Previously on ART)
1025,Male,30-34 years,1,0,1,0
site_id,gender,age_group,3HP (Started New on ART),6H (Started New on ART),3HP (Started Previously on ART),6H (Started Previously on ART)
102,Male,10-14 years,0,1,0,1
site_id,gender,age_group,3HP (Started New on ART),6H (Started New on ART),3HP (Started Previously on ART),6H (Started Previously on ART)
1040,Female,20-24 years,0,1,0,1
1040,Male,35-39 years,1,0,1,0
site_id,gender,age_group,3HP (Started New on ART),6H (Started New on ART),3HP (Started Previously on ART),6H (Started Previously on ART)
1046,Female,40-44 years,1,0,1,0
1046,Female,50-54 years,1,0,1,0
1046,Male,55-59 years,1,0,1,0
site_id,gender,age_group,3HP (Started New on ART),6H (Started New on ART),3HP (Started Previously on ART),6H (Started Previously on ART)
104,Male,10-14 years,0,1,0,1
site_id,gender,age_group,3HP (Started New on ART),6H (Started New on ART),3HP (Started Previously on ART),6H (Started Previously on ART)
1053,Male,45-49 years,1,0,1,0
1053,Male,50-54 years,0,1,0,1
1053,Male,60-64 years,1,0,1,0
site_id,gender,age_group,3HP (Started New on ART),6H (Started New on ART),3HP (Started Previously on ART),6H (Started Previously on ART)
1058,Female,25-29 years,1,0,1,0
1058,Female,30-34 years,1,0,1,0
1058,Male,35-39 years,1,0,1,0
1058,Male,45-49 years,1,0,1,0
site_id,gender,age_group,3HP (Started New on ART),6H (Started New on ART),3HP (Started Previously on ART),6H (Started Previously on ART)
1059,Female,20-24 years,1,0,1,0
1059,Male,50-54 years,1,0,1,0
site_id,gender,age_group,3HP (Started New on ART),6H (Started New on ART),3HP (Started Previously on ART),6H (Started Previously on ART)
1060,Female,30-34 years,0,1,0,1
site_id,gender,age_group,3HP (Started New on ART),6H (Started New on ART),3HP (Started Previously on ART),6H (Started Previously on ART)
1066,Female,<1 years,0,0,0,1
1066,Male,35-39 years,1,0,1,0
1066,Male,40-44 years,0,0,1,0
site_id,gender,age_group,3HP (Started New on ART),6H (Started New on ART),3HP (Started Previously on ART),6H (Started Previously on ART)
1069,Male,35-39 years,1,0,1,0
site_id,gender,age_group,3HP (Started New on ART),6H (Started New on ART),3HP (Started Previously on ART),6H (Started Previously on ART)
1076,Female,25-29 years,1,0,1,0
1076,Female,30-34 years,1,0,1,0
site_id,gender,age_group,3HP (Started New on ART),6H (Started New on ART),3HP (Started Previously on ART),6H (Started Previously on ART)
1079,Female,20-24 years,0,1,0,1
1079,Female,30-34 years,0,2,0,2
1079,Female,35-39 years,0,5,0,5
1079,Male,25-29 years,0,1,0,1
site_id,gender,age_group,3HP (Started New on ART),6H (Started New on ART),3HP (Started Previously on ART),6H (Started Previously on ART)
1086,Female,15-19 years,0,0,0,1
1086,Female,20-24 years,0,1,0,1
site_id,gender,age_group,3HP (Started New on ART),6H (Started New on ART),3HP (Started Previously on ART),6H (Started Previously on ART)
1089,Female,15-19 years,0,1,0,1
1089,Female,20-24 years,0,1,0,1
1089,Female,25-29 years,0,1,0,1
site_id,gender,age_group,3HP (Started New on ART),6H (Started New on ART),3HP (Started Previously on ART),6H (Started Previously on ART)
1098,Male,30-34 years,0,2,0,2
1098,Male,45-49 years,0,1,0,1
1098,Male,50-54 years,0,2,0,2
1098,Male,70-74 years,0,1,0,1
site_id,gender,age_group,3HP (Started New on ART),6H (Started New on ART),3HP (Started Previously on ART),6H (Started Previously on ART)
10,Female,25-29 years,0,1,0,1
site_id,gender,age_group,3HP (Started New on ART),6H (Started New on ART),3HP (Started Previously on ART),6H (Started Previously on ART)
1100,Female,1-4 years,0,1,0,1
1100,Female,20-24 years,1,0,1,0
1100,Female,45-49 years,1,0,1,0
site_id,gender,age_group,3HP (Started New on ART),6H (Started New on ART),3HP (Started Previously on ART),6H (Started Previously on ART)
1105,Male,40-44 years,0,0,1,0
site_id,gender,age_group,3HP (Started New on ART),6H (Started New on ART),3HP (Started Previously on ART),6H (Started Previously on ART)
1115,Female,25-29 years,1,0,1,0
1115,Female,30-34 years,0,1,0,1
1115,Male,40-44 years,0,0,1,0
site_id,gender,age_group,3HP (Started New on ART),6H (Started New on ART),3HP (Started Previously on ART),6H (Started Previously on ART)
1119,Female,20-24 years,1,0,1,0
site_id,gender,age_group,3HP (Started New on ART),6H (Started New on ART),3HP (Started Previously on ART),6H (Started Previously on ART)
1123,Female,40-44 years,0,0,1,0
1123,Male,45-49 years,0,0,1,0
site_id,gender,age_group,3HP (Started New on ART),6H (Started New on ART),3HP (Started Previously on ART),6H (Started Previously on ART)
1127,Female,35-39 years,1,0,1,0
site_id,gender,age_group,3HP (Started New on ART),6H (Started New on ART),3HP (Started Previously on ART),6H (Started Previously on ART)
112,Male,25-29 years,0,1,0,1
112,Male,30-34 years,0,1,0,1
site_id,gender,age_group,3HP (Started New on ART),6H (Started New on ART),3HP (Started Previously on ART),6H (Started Previously on ART)
117,Female,25-29 years,1,0,1,0
site_id,gender,age_group,3HP (Started New on ART),6H (Started New on ART),3HP (Started Previously on ART),6H (Started Previously on ART)
121,Female,45-49 years,1,0,1,0
121,Male,1-4 years,0,2,0,2
site_id,gender,age_group,3HP (Started New on ART),6H (Started New on ART),3HP (Started Previously on ART),6H (Started Previously on ART)
124,Female,1-4 years,0,1,0,1
site_id,gender,age_group,3HP (Started New on ART),6H (Started New on ART),3HP (Started Previously on ART),6H (Started Previously on ART)
125,Male,30-34 years,1,0,1,0
site_id,gender,age_group,3HP (Started New on ART),6H (Started New on ART),3HP (Started Previously on ART),6H (Started Previously on ART)
12,Female,<1 years,0,1,0,1
12,Female,15-19 years,1,0,1,0
12,Female,25-29 years,1,0,1,0
12,Female,35-39 years,1,0,1,0
12,Female,45-49 years,1,0,1,0
12,Male,<1 years,0,1,0,1
12,Male,30-34 years,1,0,1,0
12,Male,45-49 years,1,0,1,0
12,Male,5-9 years,0,1,0,1
site_id,gender,age_group,3HP (Started New on ART),6H (Started New on ART),3HP (Started Previously on ART),6H (Started Previously on ART)
132,Female,15-19 years,1,0,1,0
132,Female,25-29 years,1,0,1,0
132,Male,25-29 years,1,0,1,0
site_id,gender,age_group,3HP (Started New on ART),6H (Started New on ART),3HP (Started Previously on ART),6H (Started Previously on ART)
138,Female,30-34 years,0,0,0,1
138,Male,45-49 years,0,1,0,1
138,Male,5-9 years,0,1,0,1
site_id,gender,age_group,3HP (Started New on ART),6H (Started New on ART),3HP (Started Previously on ART),6H (Started Previously on ART)
143,Female,1-4 years,0,1,0,1
site_id,gender,age_group,3HP (Started New on ART),6H (Started New on ART),3HP (Started Previously on ART),6H (Started Previously on ART)
145,Female,10-14 years,1,0,1,0
site_id,gender,age_group,3HP (Started New on ART),6H (Started New on ART),3HP (Started Previously on ART),6H (Started Previously on ART)
146,Male,15-19 years,1,0,1,0
site_id,gender,age_group,3HP (Started New on ART),6H (Started New on ART),3HP (Started Previously on ART),6H (Started Previously on ART)
154,Male,50-54 years,1,0,1,0
site_id,gender,age_group,3HP (Started New on ART),6H (Started New on ART),3HP (Started Previously on ART),6H (Started Previously on ART)
157,Male,30-34 years,0,1,0,1
site_id,gender,age_group,3HP (Started New on ART),6H (Started New on ART),3HP (Started Previously on ART),6H (Started Previously on ART)
164,Female,35-39 years,1,0,1,0
site_id,gender,age_group,3HP (Started New on ART),6H (Started New on ART),3HP (Started Previously on ART),6H (Started Previously on ART)
165,Male,25-29 years,0,0,1,0
165,Male,35-39 years,1,0,1,0
165,Male,40-44 years,0,0,1,0
site_id,gender,age_group,3HP (Started New on ART),6H (Started New on ART),3HP (Started Previously on ART),6H (Started Previously on ART)
167,Female,5-9 years,0,1,0,1
167,Male,1-4 years,0,1,0,1
167,Male,10-14 years,0,1,0,1
site_id,gender,age_group,3HP (Started New on ART),6H (Started New on ART),3HP (Started Previously on ART),6H (Started Previously on ART)
168,Male,40-44 years,0,1,0,1
site_id,gender,age_group,3HP (Started New on ART),6H (Started New on ART),3HP (Started Previously on ART),6H (Started Previously on ART)
16,Female,20-24 years,1,0,2,0
16,Female,25-29 years,1,0,1,0
16,Male,25-29 years,1,0,1,0
16,Male,45-49 years,1,0,1,0
16,Male,50-54 years,1,0,1,0
site_id,gender,age_group,3HP (Started New on ART),6H (Started New on ART),3HP (Started Previously on ART),6H (Started Previously on ART)
171,Female,30-34 years,0,1,0,1
171,Female,60-64 years,0,1,0,1
171,Male,65-69 years,0,1,0,1
site_id,gender,age_group,3HP (Started New on ART),6H (Started New on ART),3HP (Started Previously on ART),6H (Started Previously on ART)
172,Female,20-24 years,1,0,1,0
172,Female,40-44 years,1,0,1,0
172,Male,25-29 years,0,0,1,0
172,Male,35-39 years,0,1,0,1
site_id,gender,age_group,3HP (Started New on ART),6H (Started New on ART),3HP (Started Previously on ART),6H (Started Previously on ART)
173,Male,50-54 years,0,1,0,1
site_id,gender,age_group,3HP (Started New on ART),6H (Started New on ART),3HP (Started Previously on ART),6H (Started Previously on ART)
174,Female,20-24 years,1,0,1,0
174,Female,25-29 years,1,0,1,0
174,Female,30-34 years,2,0,2,0
174,Female,45-49 years,2,0,2,0
174,Male,30-34 years,1,0,1,0
174,Male,40-44 years,3,1,3,1
174,Male,45-49 years,0,1,0,1
174,Male,70-74 years,1,0,1,0
site_id,gender,age_group,3HP (Started New on ART),6H (Started New on ART),3HP (Started Previously on ART),6H (Started Previously on ART)
176,Male,70-74 years,0,0,1,0
site_id,gender,age_group,3HP (Started New on ART),6H (Started New on ART),3HP (Started Previously on ART),6H (Started Previously on ART)
177,Female,70-74 years,0,0,1,0
site_id,gender,age_group,3HP (Started New on ART),6H (Started New on ART),3HP (Started Previously on ART),6H (Started Previously on ART)
184,Male,35-39 years,1,0,1,0
site_id,gender,age_group,3HP (Started New on ART),6H (Started New on ART),3HP (Started Previously on ART),6H (Started Previously on ART)
18,Female,20-24 years,0,1,0,1
18,Female,45-49 years,1,0,1,0
18,Male,60-64 years,1,0,1,0
site_id,gender,age_group,3HP (Started New on ART),6H (Started New on ART),3HP (Started Previously on ART),6H (Started Previously on ART)
193,Female,35-39 years,1,0,1,0
193,Female,40-44 years,0,1,0,1
site_id,gender,age_group,3HP (Started New on ART),6H (Started New on ART),3HP (Started Previously on ART),6H (Started Previously on ART)
194,Female,15-19 years,1,0,1,0
194,Female,25-29 years,1,0,1,0
site_id,gender,age_group,3HP (Started New on ART),6H (Started New on ART),3HP (Started Previously on ART),6H (Started Previously on ART)
196,Male,10-14 years,0,1,0,1
196,Male,35-39 years,1,0,1,0
site_id,gender,age_group,3HP (Started New on ART),6H (Started New on ART),3HP (Started Previously on ART),6H (Started Previously on ART)
203,Female,35-39 years,1,0,1,0
site_id,gender,age_group,3HP (Started New on ART),6H (Started New on ART),3HP (Started Previously on ART),6H (Started Previously on ART)
205,Female,15-19 years,1,0,1,0
205,Female,20-24 years,1,0,1,0
205,Female,25-29 years,1,0,1,0
205,Female,30-34 years,0,1,0,0
205,Female,35-39 years,1,0,1,0
205,Female,45-49 years,1,0,1,0
205,Male,<1 years,0,1,0,1
205,Male,1-4 years,0,0,0,1
205,Male,20-24 years,1,0,1,0
205,Male,40-44 years,1,0,1,0
site_id,gender,age_group,3HP (Started New on ART),6H (Started New on ART),3HP (Started Previously on ART),6H (Started Previously on ART)
206,Female,25-29 years,1,0,1,0
206,Male,25-29 years,1,0,1,0
206,Male,5-9 years,0,1,0,1
site_id,gender,age_group,3HP (Started New on ART),6H (Started New on ART),3HP (Started Previously on ART),6H (Started Previously on ART)
20,Female,20-24 years,1,0,1,0
20,Female,25-29 years,2,0,2,0
20,Female,30-34 years,2,0,2,0
20,Female,35-39 years,2,0,2,0
20,Female,40-44 years,1,0,1,0
20,Female,45-49 years,2,0,2,0
20,Male,30-34 years,1,0,1,0
20,Male,35-39 years,1,0,1,0
20,Male,50-54 years,2,0,2,0
site_id,gender,age_group,3HP (Started New on ART),6H (Started New on ART),3HP (Started Previously on ART),6H (Started Previously on ART)
218,Female,40-44 years,0,1,0,1
site_id,gender,age_group,3HP (Started New on ART),6H (Started New on ART),3HP (Started Previously on ART),6H (Started Previously on ART)
21,Female,45-49 years,1,0,1,0
21,Male,25-29 years,1,0,1,0
21,Male,40-44 years,1,0,1,0
site_id,gender,age_group,3HP (Started New on ART),6H (Started New on ART),3HP (Started Previously on ART),6H (Started Previously on ART)
222,Female,15-19 years,0,1,0,1
222,Female,20-24 years,0,1,0,1
site_id,gender,age_group,3HP (Started New on ART),6H (Started New on ART),3HP (Started Previously on ART),6H (Started Previously on ART)
223,Female,15-19 years,1,0,1,0
site_id,gender,age_group,3HP (Started New on ART),6H (Started New on ART),3HP (Started Previously on ART),6H (Started Previously on ART)
226,Female,15-19 years,0,1,0,1
site_id,gender,age_group,3HP (Started New on ART),6H (Started New on ART),3HP (Started Previously on ART),6H (Started Previously on ART)
227,Female,40-44 years,0,1,0,1
227,Male,30-34 years,0,1,0,1
site_id,gender,age_group,3HP (Started New on ART),6H (Started New on ART),3HP (Started Previously on ART),6H (Started Previously on ART)
22,Female,35-39 years,1,0,1,0
22,Male,45-49 years,1,0,1,0
site_id,gender,age_group,3HP (Started New on ART),6H (Started New on ART),3HP (Started Previously on ART),6H (Started Previously on ART)
234,Female,40-44 years,0,0,1,0
site_id,gender,age_group,3HP (Started New on ART),6H (Started New on ART),3HP (Started Previously on ART),6H (Started Previously on ART)
240,Female,60-64 years,0,1,0,1
site_id,gender,age_group,3HP (Started New on ART),6H (Started New on ART),3HP (Started Previously on ART),6H (Started Previously on ART)
251,Male,1-4 years,0,1,0,1
site_id,gender,age_group,3HP (Started New on ART),6H (Started New on ART),3HP (Started Previously on ART),6H (Started Previously on ART)
254,Female,1-4 years,0,1,0,1
254,Female,10-14 years,1,1,1,1
site_id,gender,age_group,3HP (Started New on ART),6H (Started New on ART),3HP (Started Previously on ART),6H (Started Previously on ART)
257,Female,10-14 years,1,0,1,0
site_id,gender,age_group,3HP (Started New on ART),6H (Started New on ART),3HP (Started Previously on ART),6H (Started Previously on ART)
261,Female,35-39 years,0,1,0,1
site_id,gender,age_group,3HP (Started New on ART),6H (Started New on ART),3HP (Started Previously on ART),6H (Started Previously on ART)
262,Female,20-24 years,1,0,1,0
262,Female,25-29 years,2,0,2,0
262,Female,30-34 years,2,0,2,0
262,Female,35-39 years,2,0,2,0
262,Female,40-44 years,1,0,1,0
262,Female,45-49 years,1,0,1,0
262,Female,50-54 years,1,0,1,0
262,Female,70-74 years,1,0,1,0
262,Male,30-34 years,3,0,3,0
262,Male,35-39 years,1,0,1,0
262,Male,40-44 years,4,0,4,0
262,Male,50-54 years,1,0,1,0
site_id,gender,age_group,3HP (Started New on ART),6H (Started New on ART),3HP (Started Previously on ART),6H (Started Previously on ART)
265,Female,1-4 years,0,2,0,2
265,Female,5-9 years,0,1,0,1
265,Male,25-29 years,1,0,1,0
265,Male,5-9 years,0,1,0,1
site_id,gender,age_group,3HP (Started New on ART),6H (Started New on ART),3HP (Started Previously on ART),6H (Started Previously on ART)
266,Female,25-29 years,0,1,0,1
266,Female,45-49 years,0,1,0,1
266,Female,70-74 years,0,1,0,1
266,Male,35-39 years,0,1,0,1
266,Male,40-44 years,0,1,0,2
site_id,gender,age_group,3HP (Started New on ART),6H (Started New on ART),3HP (Started Previously on ART),6H (Started Previously on ART)
272,Female,55-59 years,1,0,1,0
site_id,gender,age_group,3HP (Started New on ART),6H (Started New on ART),3HP (Started Previously on ART),6H (Started Previously on ART)
274,Male,50-54 years,1,0,1,0
site_id,gender,age_group,3HP (Started New on ART),6H (Started New on ART),3HP (Started Previously on ART),6H (Started Previously on ART)
275,Female,20-24 years,1,0,1,0
275,Female,5-9 years,0,1,0,1
275,Male,1-4 years,0,1,0,1
275,Male,5-9 years,0,0,0,1
site_id,gender,age_group,3HP (Started New on ART),6H (Started New on ART),3HP (Started Previously on ART),6H (Started Previously on ART)
27,Female,40-44 years,1,0,1,0
site_id,gender,age_group,3HP (Started New on ART),6H (Started New on ART),3HP (Started Previously on ART),6H (Started Previously on ART)
282,Female,20-24 years,0,1,0,1
282,Female,40-44 years,0,1,0,1
282,Female,65-69 years,0,1,0,1
282,Male,25-29 years,1,0,1,0
282,Male,30-34 years,0,2,0,2
282,Male,45-49 years,0,1,0,1
282,Male,70-74 years,0,1,0,1
site_id,gender,age_group,3HP (Started New on ART),6H (Started New on ART),3HP (Started Previously on ART),6H (Started Previously on ART)
283,Female,1-4 years,0,1,0,1
site_id,gender,age_group,3HP (Started New on ART),6H (Started New on ART),3HP (Started Previously on ART),6H (Started Previously on ART)
284,Female,50-54 years,0,0,0,1
site_id,gender,age_group,3HP (Started New on ART),6H (Started New on ART),3HP (Started Previously on ART),6H (Started Previously on ART)
288,Female,40-44 years,0,0,1,0
288,Male,55-59 years,0,0,1,0
site_id,gender,age_group,3HP (Started New on ART),6H (Started New on ART),3HP (Started Previously on ART),6H (Started Previously on ART)
289,Female,1-4 years,0,0,0,1
289,Female,45-49 years,1,0,1,0
site_id,gender,age_group,3HP (Started New on ART),6H (Started New on ART),3HP (Started Previously on ART),6H (Started Previously on ART)
293,Male,45-49 years,1,0,1,0
293,Male,5-9 years,0,1,0,1
site_id,gender,age_group,3HP (Started New on ART),6H (Started New on ART),3HP (Started Previously on ART),6H (Started Previously on ART)
299,Female,10-14 years,1,0,1,0
299,Female,20-24 years,5,0,5,0
299,Female,25-29 years,5,1,5,1
299,Female,30-34 years,6,0,7,0
299,Female,35-39 years,4,0,4,0
299,Female,40-44 years,1,0,1,0
299,Female,45-49 years,2,0,2,0
299,Male,1-4 years,0,0,0,1
299,Male,25-29 years,0,1,0,1
299,Male,30-34 years,5,0,5,0
299,Male,35-39 years,2,0,4,0
299,Male,40-44 years,2,0,2,0
299,Male,45-49 years,1,0,1,0
site_id,gender,age_group,3HP (Started New on ART),6H (Started New on ART),3HP (Started Previously on ART),6H (Started Previously on ART)
29,Female,55-59 years,0,1,0,1
29,Male,25-29 years,0,1,0,1
site_id,gender,age_group,3HP (Started New on ART),6H (Started New on ART),3HP (Started Previously on ART),6H (Started Previously on ART)
301,Female,10-14 years,0,1,0,1
301,Female,15-19 years,1,0,1,0
301,Female,20-24 years,2,0,2,0
301,Female,35-39 years,1,0,1,0
301,Female,45-49 years,1,0,1,0
301,Male,15-19 years,0,1,0,1
301,Male,40-44 years,1,0,0,0
site_id,gender,age_group,3HP (Started New on ART),6H (Started New on ART),3HP (Started Previously on ART),6H (Started Previously on ART)
304,Female,35-39 years,0,1,0,1
304,Male,40-44 years,0,0,0,1
site_id,gender,age_group,3HP (Started New on ART),6H (Started New on ART),3HP (Started Previously on ART),6H (Started Previously on ART)
306,Female,25-29 years,1,0,1,0
site_id,gender,age_group,3HP (Started New on ART),6H (Started New on ART),3HP (Started Previously on ART),6H (Started Previously on ART)
308,Female,20-24 years,1,0,1,0
308,Female,30-34 years,2,0,2,0
308,Female,50-54 years,1,0,1,0
308,Male,35-39 years,1,0,1,0
308,Male,55-59 years,1,0,1,0
site_id,gender,age_group,3HP (Started New on ART),6H (Started New on ART),3HP (Started Previously on ART),6H (Started Previously on ART)
310,Female,15-19 years,1,0,1,0
310,Female,30-34 years,2,0,2,0
310,Female,40-44 years,1,0,1,0
310,Male,50-54 years,2,0,2,0
site_id,gender,age_group,3HP (Started New on ART),6H (Started New on ART),3HP (Started Previously on ART),6H (Started Previously on ART)
312,Female,20-24 years,1,0,1,0
312,Female,30-34 years,0,1,0,1
312,Female,35-39 years,1,0,1,0
312,Female,40-44 years,1,0,1,0
312,Female,45-49 years,1,0,1,0
312,Male,20-24 years,1,0,1,0
312,Male,30-34 years,0,0,1,0
site_id,gender,age_group,3HP (Started New on ART),6H (Started New on ART),3HP (Started Previously on ART),6H (Started Previously on ART)
313,Female,50-54 years,1,0,1,0
313,Male,35-39 years,1,0,1,0
site_id,gender,age_group,3HP (Started New on ART),6H (Started New on ART),3HP (Started Previously on ART),6H (Started Previously on ART)
315,Female,70-74 years,1,0,1,0
site_id,gender,age_group,3HP (Started New on ART),6H (Started New on ART),3HP (Started Previously on ART),6H (Started Previously on ART)
316,Male,35-39 years,1,0,1,0
site_id,gender,age_group,3HP (Started New on ART),6H (Started New on ART),3HP (Started Previously on ART),6H (Started Previously on ART)
31,Female,15-19 years,1,0,1,0
31,Female,20-24 years,1,0,1,0
31,Male,45-49 years,0,1,0,1
site_id,gender,age_group,3HP (Started New on ART),6H (Started New on ART),3HP (Started Previously on ART),6H (Started Previously on ART)
328,Female,1-4 years,0,1,0,1
328,Female,25-29 years,0,1,0,1
328,Female,40-44 years,0,0,0,1
328,Male,<1 years,0,2,0,2
328,Male,10-14 years,0,0,0,1
site_id,gender,age_group,3HP (Started New on ART),6H (Started New on ART),3HP (Started Previously on ART),6H (Started Previously on ART)
334,Female,20-24 years,0,0,1,0
334,Female,25-29 years,1,0,1,0
334,Female,30-34 years,0,1,0,1
334,Female,35-39 years,2,0,2,0
334,Female,45-49 years,0,1,0,1
334,Female,60-64 years,1,0,1,0
334,Male,30-34 years,0,1,0,1
334,Male,45-49 years,2,0,2,0
334,Male,65-69 years,1,0,1,0
site_id,gender,age_group,3HP (Started New on ART),6H (Started New on ART),3HP (Started Previously on ART),6H (Started Previously on ART)
338,Female,1-4 years,0,0,0,1
338,Female,30-34 years,2,0,2,0
338,Female,50-54 years,1,0,1,0
338,Male,55-59 years,0,0,1,0
site_id,gender,age_group,3HP (Started New on ART),6H (Started New on ART),3HP (Started Previously on ART),6H (Started Previously on ART)
343,Female,30-34 years,1,0,1,0
343,Female,35-39 years,2,0,2,0
343,Female,55-59 years,2,0,2,0
343,Male,1-4 years,0,1,0,1
343,Male,40-44 years,1,0,1,0
343,Male,45-49 years,1,0,1,0
site_id,gender,age_group,3HP (Started New on ART),6H (Started New on ART),3HP (Started Previously on ART),6H (Started Previously on ART)
344,Female,15-19 years,0,1,0,1
site_id,gender,age_group,3HP (Started New on ART),6H (Started New on ART),3HP (Started Previously on ART),6H (Started Previously on ART)
345,Female,20-24 years,1,0,1,0
345,Male,25-29 years,0,1,0,1
345,Male,45-49 years,0,1,0,1
site_id,gender,age_group,3HP (Started New on ART),6H (Started New on ART),3HP (Started Previously on ART),6H (Started Previously on ART)
34,Female,15-19 years,1,0,1,0
34,Female,20-24 years,1,0,1,0
34,Female,25-29 years,2,0,2,0
34,Female,40-44 years,3,0,3,0
34,Male,35-39 years,1,0,1,0
34,Male,40-44 years,2,0,2,0
site_id,gender,age_group,3HP (Started New on ART),6H (Started New on ART),3HP (Started Previously on ART),6H (Started Previously on ART)
352,Female,35-39 years,1,0,1,0
352,Female,60-64 years,1,0,1,0
site_id,gender,age_group,3HP (Started New on ART),6H (Started New on ART),3HP (Started Previously on ART),6H (Started Previously on ART)
355,Female,25-29 years,0,0,0,1
355,Female,35-39 years,0,1,0,2
355,Male,30-34 years,0,1,0,2
355,Male,40-44 years,0,2,0,2
355,Male,45-49 years,0,0,0,1
site_id,gender,age_group,3HP (Started New on ART),6H (Started New on ART),3HP (Started Previously on ART),6H (Started Previously on ART)
357,Female,30-34 years,0,0,1,0
357,Male,5-9 years,0,1,0,1
site_id,gender,age_group,3HP (Started New on ART),6H (Started New on ART),3HP (Started Previously on ART),6H (Started Previously on ART)
359,Female,35-39 years,1,0,1,0
359,Female,70-74 years,0,0,1,0
359,Female,75-79 years,1,0,1,0
359,Male,15-19 years,1,0,1,0
359,Male,25-29 years,1,0,1,0
359,Male,50-54 years,0,0,1,0
site_id,gender,age_group,3HP (Started New on ART),6H (Started New on ART),3HP (Started Previously on ART),6H (Started Previously on ART)
362,Female,15-19 years,0,1,0,1
362,Female,20-24 years,1,0,1,0
site_id,gender,age_group,3HP (Started New on ART),6H (Started New on ART),3HP (Started Previously on ART),6H (Started Previously on ART)
367,Female,20-24 years,1,0,1,0
site_id,gender,age_group,3HP (Started New on ART),6H (Started New on ART),3HP (Started Previously on ART),6H (Started Previously on ART)
373,Female,35-39 years,1,0,1,0
373,Female,45-49 years,1,0,1,0
site_id,gender,age_group,3HP (Started New on ART),6H (Started New on ART),3HP (Started Previously on ART),6H (Started Previously on ART)
374,Female,15-19 years,1,0,1,0
374,Female,20-24 years,1,0,1,0
374,Female,80-84 years,1,0,1,0
374,Male,5-9 years,0,1,0,1
site_id,gender,age_group,3HP (Started New on ART),6H (Started New on ART),3HP (Started Previously on ART),6H (Started Previously on ART)
375,Female,30-34 years,1,0,1,0
375,Male,25-29 years,1,0,1,0
site_id,gender,age_group,3HP (Started New on ART),6H (Started New on ART),3HP (Started Previously on ART),6H (Started Previously on ART)
376,Male,10-14 years,0,1,0,1
site_id,gender,age_group,3HP (Started New on ART),6H (Started New on ART),3HP (Started Previously on ART),6H (Started Previously on ART)
378,Female,60-64 years,0,1,0,1
site_id,gender,age_group,3HP (Started New on ART),6H (Started New on ART),3HP (Started Previously on ART),6H (Started Previously on ART)
380,Female,20-24 years,1,0,1,0
380,Female,40-44 years,1,0,1,0
380,Male,40-44 years,1,0,1,0
site_id,gender,age_group,3HP (Started New on ART),6H (Started New on ART),3HP (Started Previously on ART),6H (Started Previously on ART)
388,Female,30-34 years,0,1,0,1
site_id,gender,age_group,3HP (Started New on ART),6H (Started New on ART),3HP (Started Previously on ART),6H (Started Previously on ART)
389,Male,50-54 years,0,0,1,0
site_id,gender,age_group,3HP (Started New on ART),6H (Started New on ART),3HP (Started Previously on ART),6H (Started Previously on ART)
390,Female,<1 years,0,1,0,1
390,Female,20-24 years,1,0,1,0
site_id,gender,age_group,3HP (Started New on ART),6H (Started New on ART),3HP (Started Previously on ART),6H (Started Previously on ART)
391,Female,30-34 years,1,0,1,0
391,Male,30-34 years,1,0,1,0
site_id,gender,age_group,3HP (Started New on ART),6H (Started New on ART),3HP (Started Previously on ART),6H (Started Previously on ART)
399,Female,15-19 years,1,0,1,0
399,Female,25-29 years,1,0,1,0
399,Female,35-39 years,1,1,1,1
399,Female,40-44 years,1,0,1,0
399,Male,35-39 years,2,1,2,1
399,Male,40-44 years,1,0,1,0
399,Male,45-49 years,0,1,0,1
399,Male,60-64 years,1,0,1,0
site_id,gender,age_group,3HP (Started New on ART),6H (Started New on ART),3HP (Started Previously on ART),6H (Started Previously on ART)
402,Female,30-34 years,1,0,1,0
402,Female,35-39 years,1,0,1,0
site_id,gender,age_group,3HP (Started New on ART),6H (Started New on ART),3HP (Started Previously on ART),6H (Started Previously on ART)
403,Female,35-39 years,1,0,1,0
403,Female,40-44 years,1,0,1,0
site_id,gender,age_group,3HP (Started New on ART),6H (Started New on ART),3HP (Started Previously on ART),6H (Started Previously on ART)
404,Female,15-19 years,1,0,1,0
404,Male,30-34 years,1,0,1,0
404,Male,50-54 years,0,1,0,1
site_id,gender,age_group,3HP (Started New on ART),6H (Started New on ART),3HP (Started Previously on ART),6H (Started Previously on ART)
412,Female,20-24 years,1,0,1,0
412,Male,20-24 years,0,0,0,1
site_id,gender,age_group,3HP (Started New on ART),6H (Started New on ART),3HP (Started Previously on ART),6H (Started Previously on ART)
419,Female,1-4 years,0,1,0,1
419,Female,35-39 years,1,0,1,0
419,Male,1-4 years,0,2,0,2
site_id,gender,age_group,3HP (Started New on ART),6H (Started New on ART),3HP (Started Previously on ART),6H (Started Previously on ART)
426,Female,25-29 years,1,0,1,0
site_id,gender,age_group,3HP (Started New on ART),6H (Started New on ART),3HP (Started Previously on ART),6H (Started Previously on ART)
428,Female,30-34 years,1,0,1,0
428,Male,25-29 years,1,0,1,0
site_id,gender,age_group,3HP (Started New on ART),6H (Started New on ART),3HP (Started Previously on ART),6H (Started Previously on ART)
429,Female,25-29 years,1,0,1,0
429,Female,55-59 years,0,0,0,1
site_id,gender,age_group,3HP (Started New on ART),6H (Started New on ART),3HP (Started Previously on ART),6H (Started Previously on ART)
430,Female,1-4 years,0,1,0,1
430,Female,20-24 years,1,0,1,0
430,Female,35-39 years,1,0,1,0
430,Male,10-14 years,0,1,0,1
430,Male,5-9 years,0,0,0,1
site_id,gender,age_group,3HP (Started New on ART),6H (Started New on ART),3HP (Started Previously on ART),6H (Started Previously on ART)
433,Female,25-29 years,0,0,0,1
433,Female,50-54 years,0,0,0,1
site_id,gender,age_group,3HP (Started New on ART),6H (Started New on ART),3HP (Started Previously on ART),6H (Started Previously on ART)
437,Female,20-24 years,0,1,0,1
437,Female,25-29 years,0,1,0,1
site_id,gender,age_group,3HP (Started New on ART),6H (Started New on ART),3HP (Started Previously on ART),6H (Started Previously on ART)
443,Female,15-19 years,1,0,1,0
443,Male,25-29 years,1,0,1,0
443,Male,5-9 years,0,1,0,1
site_id,gender,age_group,3HP (Started New on ART),6H (Started New on ART),3HP (Started Previously on ART),6H (Started Previously on ART)
44,Male,45-49 years,0,0,0,1
site_id,gender,age_group,3HP (Started New on ART),6H (Started New on ART),3HP (Started Previously on ART),6H (Started Previously on ART)
452,Female,30-34 years,0,0,1,0
site_id,gender,age_group,3HP (Started New on ART),6H (Started New on ART),3HP (Started Previously on ART),6H (Started Previously on ART)
453,Male,35-39 years,1,0,1,0
453,Male,45-49 years,0,0,1,0
site_id,gender,age_group,3HP (Started New on ART),6H (Started New on ART),3HP (Started Previously on ART),6H (Started Previously on ART)
454,Female,20-24 years,0,1,0,1
site_id,gender,age_group,3HP (Started New on ART),6H (Started New on ART),3HP (Started Previously on ART),6H (Started Previously on ART)
455,Male,<1 years,0,0,0,1
455,Male,40-44 years,1,0,1,0
site_id,gender,age_group,3HP (Started New on ART),6H (Started New on ART),3HP (Started Previously on ART),6H (Started Previously on ART)
457,Female,25-29 years,1,0,1,0
457,Male,45-49 years,1,0,1,0
site_id,gender,age_group,3HP (Started New on ART),6H (Started New on ART),3HP (Started Previously on ART),6H (Started Previously on ART)
463,Male,20-24 years,1,0,1,0
site_id,gender,age_group,3HP (Started New on ART),6H (Started New on ART),3HP (Started Previously on ART),6H (Started Previously on ART)
464,Male,1-4 years,0,1,0,1
464,Male,55-59 years,1,0,1,0
site_id,gender,age_group,3HP (Started New on ART),6H (Started New on ART),3HP (Started Previously on ART),6H (Started Previously on ART)
469,Female,35-39 years,1,0,1,0
469,Male,1-4 years,0,1,0,1
site_id,gender,age_group,3HP (Started New on ART),6H (Started New on ART),3HP (Started Previously on ART),6H (Started Previously on ART)
471,Male,20-24 years,1,0,1,0
site_id,gender,age_group,3HP (Started New on ART),6H (Started New on ART),3HP (Started Previously on ART),6H (Started Previously on ART)
475,Male,45-49 years,1,0,1,0
site_id,gender,age_group,3HP (Started New on ART),6H (Started New on ART),3HP (Started Previously on ART),6H (Started Previously on ART)
478,Female,40-44 years,0,1,0,1
site_id,gender,age_group,3HP (Started New on ART),6H (Started New on ART),3HP (Started Previously on ART),6H (Started Previously on ART)
47,Female,25-29 years,1,0,1,0
47,Female,40-44 years,1,0,1,0
site_id,gender,age_group,3HP (Started New on ART),6H (Started New on ART),3HP (Started Previously on ART),6H (Started Previously on ART)
480,Female,15-19 years,1,0,1,0
480,Female,30-34 years,1,0,1,0
480,Female,35-39 years,1,0,1,0
site_id,gender,age_group,3HP (Started New on ART),6H (Started New on ART),3HP (Started Previously on ART),6H (Started Previously on ART)
495,Female,1-4 years,0,1,0,1
495,Female,15-19 years,2,0,2,0
495,Female,40-44 years,0,1,0,1
495,Male,1-4 years,0,1,0,1
495,Male,25-29 years,1,0,1,0
495,Male,30-34 years,1,0,1,0
495,Male,50-54 years,1,0,1,0
495,Male,60-64 years,1,0,1,0
site_id,gender,age_group,3HP (Started New on ART),6H (Started New on ART),3HP (Started Previously on ART),6H (Started Previously on ART)
499,Male,<1 years,0,2,0,1
499,Male,1-4 years,0,1,0,1
site_id,gender,age_group,3HP (Started New on ART),6H (Started New on ART),3HP (Started Previously on ART),6H (Started Previously on ART)
49,Female,35-39 years,1,0,1,0
49,Female,45-49 years,1,0,1,0
49,Male,40-44 years,1,0,1,0
site_id,gender,age_group,3HP (Started New on ART),6H (Started New on ART),3HP (Started Previously on ART),6H (Started Previously on ART)
500,Male,25-29 years,1,0,1,0
site_id,gender,age_group,3HP (Started New on ART),6H (Started New on ART),3HP (Started Previously on ART),6H (Started Previously on ART)
510,Female,1-4 years,0,3,0,3
510,Female,10-14 years,0,1,0,1
510,Male,1-4 years,0,0,0,1
site_id,gender,age_group,3HP (Started New on ART),6H (Started New on ART),3HP (Started Previously on ART),6H (Started Previously on ART)
511,Female,20-24 years,0,1,0,1
511,Female,30-34 years,0,1,0,1
511,Female,35-39 years,0,1,0,1
511,Female,40-44 years,0,0,0,1
511,Female,50-54 years,0,1,0,1
511,Male,20-24 years,0,1,0,1
511,Male,35-39 years,0,2,0,2
511,Male,40-44 years,0,1,0,1
site_id,gender,age_group,3HP (Started New on ART),6H (Started New on ART),3HP (Started Previously on ART),6H (Started Previously on ART)
512,Male,45-49 years,1,0,1,0
site_id,gender,age_group,3HP (Started New on ART),6H (Started New on ART),3HP (Started Previously on ART),6H (Started Previously on ART)
515,Female,1-4 years,0,1,0,1
site_id,gender,age_group,3HP (Started New on ART),6H (Started New on ART),3HP (Started Previously on ART),6H (Started Previously on ART)
516,Female,20-24 years,1,0,1,0
516,Female,30-34 years,1,0,2,0
site_id,gender,age_group,3HP (Started New on ART),6H (Started New on ART),3HP (Started Previously on ART),6H (Started Previously on ART)
517,Male,40-44 years,0,1,0,1
site_id,gender,age_group,3HP (Started New on ART),6H (Started New on ART),3HP (Started Previously on ART),6H (Started Previously on ART)
519,Female,30-34 years,1,0,1,0
519,Female,35-39 years,1,0,1,0
519,Female,40-44 years,1,0,1,0
519,Female,50-54 years,0,1,0,1
519,Male,40-44 years,1,0,1,0
site_id,gender,age_group,3HP (Started New on ART),6H (Started New on ART),3HP (Started Previously on ART),6H (Started Previously on ART)
521,Female,25-29 years,0,1,0,1
521,Female,35-39 years,0,1,0,1
521,Male,30-34 years,0,1,0,1
521,Male,50-54 years,0,1,0,1
site_id,gender,age_group,3HP (Started New on ART),6H (Started New on ART),3HP (Started Previously on ART),6H (Started Previously on ART)
522,Female,40-44 years,0,1,0,1
site_id,gender,age_group,3HP (Started New on ART),6H (Started New on ART),3HP (Started Previously on ART),6H (Started Previously on ART)
523,Female,50-54 years,1,0,1,0
site_id,gender,age_group,3HP (Started New on ART),6H (Started New on ART),3HP (Started Previously on ART),6H (Started Previously on ART)
526,Female,45-49 years,1,0,1,0
526,Female,65-69 years,0,1,0,1
526,Male,40-44 years,1,0,1,0
site_id,gender,age_group,3HP (Started New on ART),6H (Started New on ART),3HP (Started Previously on ART),6H (Started Previously on ART)
528,Male,1-4 years,0,1,0,1
site_id,gender,age_group,3HP (Started New on ART),6H (Started New on ART),3HP (Started Previously on ART),6H (Started Previously on ART)
530,Female,20-24 years,2,0,2,0
530,Female,40-44 years,1,0,1,0
530,Male,35-39 years,2,0,2,0
530,Male,40-44 years,2,0,2,0
530,Male,50-54 years,3,0,3,0
site_id,gender,age_group,3HP (Started New on ART),6H (Started New on ART),3HP (Started Previously on ART),6H (Started Previously on ART)
533,Female,20-24 years,1,0,1,0
533,Male,45-49 years,0,1,0,1
site_id,gender,age_group,3HP (Started New on ART),6H (Started New on ART),3HP (Started Previously on ART),6H (Started Previously on ART)
537,Female,30-34 years,1,0,1,0
537,Female,35-39 years,0,1,0,1
537,Female,40-44 years,0,1,0,1
537,Male,30-34 years,0,1,0,1
site_id,gender,age_group,3HP (Started New on ART),6H (Started New on ART),3HP (Started Previously on ART),6H (Started Previously on ART)
542,Female,40-44 years,1,1,1,1
site_id,gender,age_group,3HP (Started New on ART),6H (Started New on ART),3HP (Started Previously on ART),6H (Started Previously on ART)
544,Female,15-19 years,1,0,1,0
544,Female,20-24 years,1,0,1,0
544,Female,25-29 years,1,0,1,0
544,Female,40-44 years,1,0,1,0
544,Male,<1 years,0,1,0,2
site_id,gender,age_group,3HP (Started New on ART),6H (Started New on ART),3HP (Started Previously on ART),6H (Started Previously on ART)
547,Female,70-74 years,1,0,1,0
site_id,gender,age_group,3HP (Started New on ART),6H (Started New on ART),3HP (Started Previously on ART),6H (Started Previously on ART)
54,Female,20-24 years,1,0,1,0
54,Female,25-29 years,1,0,1,0
site_id,gender,age_group,3HP (Started New on ART),6H (Started New on ART),3HP (Started Previously on ART),6H (Started Previously on ART)
550,Female,30-34 years,2,0,2,0
550,Male,40-44 years,1,0,1,0
site_id,gender,age_group,3HP (Started New on ART),6H (Started New on ART),3HP (Started Previously on ART),6H (Started Previously on ART)
559,Female,25-29 years,1,0,1,0
site_id,gender,age_group,3HP (Started New on ART),6H (Started New on ART),3HP (Started Previously on ART),6H (Started Previously on ART)
561,Female,1-4 years,0,1,0,1
561,Female,20-24 years,1,0,1,0
561,Female,35-39 years,1,0,1,0
561,Male,25-29 years,1,0,1,0
561,Male,30-34 years,1,0,1,0
site_id,gender,age_group,3HP (Started New on ART),6H (Started New on ART),3HP (Started Previously on ART),6H (Started Previously on ART)
565,Female,10-14 years,0,0,0,1
565,Male,35-39 years,1,0,1,0
565,Male,50-54 years,0,0,1,0
565,Male,55-59 years,2,0,2,0
site_id,gender,age_group,3HP (Started New on ART),6H (Started New on ART),3HP (Started Previously on ART),6H (Started Previously on ART)
572,Female,25-29 years,0,1,0,1
572,Female,30-34 years,2,0,2,0
572,Female,35-39 years,2,0,2,0
572,Male,30-34 years,1,0,1,0
site_id,gender,age_group,3HP (Started New on ART),6H (Started New on ART),3HP (Started Previously on ART),6H (Started Previously on ART)
574,Female,25-29 years,1,0,1,0
574,Female,40-44 years,1,0,1,0
574,Male,25-29 years,1,0,1,0
574,Male,40-44 years,0,0,0,1
574,Male,45-49 years,1,0,1,0
site_id,gender,age_group,3HP (Started New on ART),6H (Started New on ART),3HP (Started Previously on ART),6H (Started Previously on ART)
577,Male,35-39 years,1,0,1,0
site_id,gender,age_group,3HP (Started New on ART),6H (Started New on ART),3HP (Started Previously on ART),6H (Started Previously on ART)
579,Female,30-34 years,1,0,1,0
579,Female,35-39 years,1,0,1,0
site_id,gender,age_group,3HP (Started New on ART),6H (Started New on ART),3HP (Started Previously on ART),6H (Started Previously on ART)
57,Female,35-39 years,1,0,1,0
57,Female,40-44 years,1,0,1,0
site_id,gender,age_group,3HP (Started New on ART),6H (Started New on ART),3HP (Started Previously on ART),6H (Started Previously on ART)
580,Male,35-39 years,1,0,1,0
site_id,gender,age_group,3HP (Started New on ART),6H (Started New on ART),3HP (Started Previously on ART),6H (Started Previously on ART)
582,Female,1-4 years,0,1,0,1
site_id,gender,age_group,3HP (Started New on ART),6H (Started New on ART),3HP (Started Previously on ART),6H (Started Previously on ART)
591,Female,45-49 years,1,0,1,0
site_id,gender,age_group,3HP (Started New on ART),6H (Started New on ART),3HP (Started Previously on ART),6H (Started Previously on ART)
592,Female,35-39 years,1,0,1,0
site_id,gender,age_group,3HP (Started New on ART),6H (Started New on ART),3HP (Started Previously on ART),6H (Started Previously on ART)
593,Female,25-29 years,0,1,0,1
593,Male,35-39 years,0,1,0,1
site_id,gender,age_group,3HP (Started New on ART),6H (Started New on ART),3HP (Started Previously on ART),6H (Started Previously on ART)
594,Female,10-14 years,0,0,0,1
site_id,gender,age_group,3HP (Started New on ART),6H (Started New on ART),3HP (Started Previously on ART),6H (Started Previously on ART)
596,Female,50-54 years,1,0,1,0
site_id,gender,age_group,3HP (Started New on ART),6H (Started New on ART),3HP (Started Previously on ART),6H (Started Previously on ART)
603,Female,1-4 years,0,1,0,1
site_id,gender,age_group,3HP (Started New on ART),6H (Started New on ART),3HP (Started Previously on ART),6H (Started Previously on ART)
604,Female,5-9 years,0,1,0,1
604,Male,20-24 years,0,1,0,1
site_id,gender,age_group,3HP (Started New on ART),6H (Started New on ART),3HP (Started Previously on ART),6H (Started Previously on ART)
605,Female,15-19 years,1,0,1,0
605,Female,30-34 years,1,0,1,0
site_id,gender,age_group,3HP (Started New on ART),6H (Started New on ART),3HP (Started Previously on ART),6H (Started Previously on ART)
60,Female,15-19 years,0,1,0,1
site_id,gender,age_group,3HP (Started New on ART),6H (Started New on ART),3HP (Started Previously on ART),6H (Started Previously on ART)
611,Female,30-34 years,0,1,0,1
611,Female,35-39 years,1,1,1,1
611,Female,40-44 years,1,0,1,0
611,Male,45-49 years,1,0,1,0
611,Male,50-54 years,0,1,0,1
site_id,gender,age_group,3HP (Started New on ART),6H (Started New on ART),3HP (Started Previously on ART),6H (Started Previously on ART)
613,Female,20-24 years,1,0,1,0
613,Female,25-29 years,2,0,2,0
613,Female,30-34 years,1,0,1,0
613,Female,35-39 years,1,0,1,0
613,Female,40-44 years,3,0,3,0
613,Male,20-24 years,1,0,1,0
613,Male,25-29 years,1,0,1,0
613,Male,30-34 years,1,0,1,0
613,Male,35-39 years,1,0,1,0
613,Male,40-44 years,1,0,1,0
site_id,gender,age_group,3HP (Started New on ART),6H (Started New on ART),3HP (Started Previously on ART),6H (Started Previously on ART)
614,Female,1-4 years,0,3,0,3
614,Female,10-14 years,0,3,0,3
614,Female,30-34 years,0,1,0,1
614,Female,40-44 years,1,0,1,0
614,Female,5-9 years,0,1,0,1
614,Male,<1 years,0,1,0,1
614,Male,1-4 years,0,2,0,2
614,Male,10-14 years,0,1,0,1
614,Male,30-34 years,1,0,1,0
614,Male,50-54 years,1,0,1,0
site_id,gender,age_group,3HP (Started New on ART),6H (Started New on ART),3HP (Started Previously on ART),6H (Started Previously on ART)
615,Female,40-44 years,1,0,1,0
site_id,gender,age_group,3HP (Started New on ART),6H (Started New on ART),3HP (Started Previously on ART),6H (Started Previously on ART)
622,Female,1-4 years,0,2,0,2
622,Female,20-24 years,2,0,2,0
622,Female,25-29 years,1,0,1,0
site_id,gender,age_group,3HP (Started New on ART),6H (Started New on ART),3HP (Started Previously on ART),6H (Started Previously on ART)
628,Female,10-14 years,1,0,1,0
628,Female,25-29 years,1,0,1,0
site_id,gender,age_group,3HP (Started New on ART),6H (Started New on ART),3HP (Started Previously on ART),6H (Started Previously on ART)
62,Male,25-29 years,1,0,1,0
site_id,gender,age_group,3HP (Started New on ART),6H (Started New on ART),3HP (Started Previously on ART),6H (Started Previously on ART)
635,Female,25-29 years,1,0,1,0
635,Female,75-79 years,0,1,0,1
site_id,gender,age_group,3HP (Started New on ART),6H (Started New on ART),3HP (Started Previously on ART),6H (Started Previously on ART)
636,Female,20-24 years,1,0,1,0
site_id,gender,age_group,3HP (Started New on ART),6H (Started New on ART),3HP (Started Previously on ART),6H (Started Previously on ART)
638,Female,30-34 years,1,0,1,0
site_id,gender,age_group,3HP (Started New on ART),6H (Started New on ART),3HP (Started Previously on ART),6H (Started Previously on ART)
641,Female,1-4 years,0,0,0,1
641,Male,1-4 years,0,1,0,1
site_id,gender,age_group,3HP (Started New on ART),6H (Started New on ART),3HP (Started Previously on ART),6H (Started Previously on ART)
642,Female,20-24 years,1,0,1,0
642,Female,30-34 years,2,0,2,0
642,Female,40-44 years,2,0,2,0
642,Male,35-39 years,1,0,1,0
642,Male,45-49 years,1,0,1,0
site_id,gender,age_group,3HP (Started New on ART),6H (Started New on ART),3HP (Started Previously on ART),6H (Started Previously on ART)
647,Male,35-39 years,1,0,1,0
647,Male,45-49 years,1,0,1,0
647,Male,50-54 years,1,0,1,0
site_id,gender,age_group,3HP (Started New on ART),6H (Started New on ART),3HP (Started Previously on ART),6H (Started Previously on ART)
649,Female,25-29 years,1,0,1,0
649,Male,1-4 years,0,1,0,2
649,Male,35-39 years,1,0,1,0
site_id,gender,age_group,3HP (Started New on ART),6H (Started New on ART),3HP (Started Previously on ART),6H (Started Previously on ART)
652,Female,25-29 years,1,0,1,0
site_id,gender,age_group,3HP (Started New on ART),6H (Started New on ART),3HP (Started Previously on ART),6H (Started Previously on ART)
655,Male,40-44 years,1,0,1,0
site_id,gender,age_group,3HP (Started New on ART),6H (Started New on ART),3HP (Started Previously on ART),6H (Started Previously on ART)
662,Female,40-44 years,2,0,2,0
site_id,gender,age_group,3HP (Started New on ART),6H (Started New on ART),3HP (Started Previously on ART),6H (Started Previously on ART)
665,Female,15-19 years,0,0,1,0
665,Female,65-69 years,0,0,1,0
site_id,gender,age_group,3HP (Started New on ART),6H (Started New on ART),3HP (Started Previously on ART),6H (Started Previously on ART)
667,Female,20-24 years,2,0,2,0
667,Female,35-39 years,1,0,1,0
667,Male,15-19 years,1,0,1,0
667,Male,40-44 years,1,0,1,0
site_id,gender,age_group,3HP (Started New on ART),6H (Started New on ART),3HP (Started Previously on ART),6H (Started Previously on ART)
670,Female,10-14 years,0,1,0,1
670,Female,25-29 years,1,0,1,0
670,Female,35-39 years,0,2,0,2
670,Male,40-44 years,0,0,1,0
site_id,gender,age_group,3HP (Started New on ART),6H (Started New on ART),3HP (Started Previously on ART),6H (Started Previously on ART)
673,Female,30-34 years,0,1,0,1
site_id,gender,age_group,3HP (Started New on ART),6H (Started New on ART),3HP (Started Previously on ART),6H (Started Previously on ART)
680,Female,5-9 years,0,1,0,1
site_id,gender,age_group,3HP (Started New on ART),6H (Started New on ART),3HP (Started Previously on ART),6H (Started Previously on ART)
686,Male,10-14 years,1,0,1,0
686,Male,35-39 years,0,1,0,1
site_id,gender,age_group,3HP (Started New on ART),6H (Started New on ART),3HP (Started Previously on ART),6H (Started Previously on ART)
689,Female,10-14 years,0,1,0,2
689,Female,30-34 years,1,0,1,0
689,Male,1-4 years,0,1,0,1
site_id,gender,age_group,3HP (Started New on ART),6H (Started New on ART),3HP (Started Previously on ART),6H (Started Previously on ART)
696,Female,55-59 years,1,0,1,0
696,Male,30-34 years,1,0,1,0
696,Male,60-64 years,1,0,1,0
site_id,gender,age_group,3HP (Started New on ART),6H (Started New on ART),3HP (Started Previously on ART),6H (Started Previously on ART)
6,Female,25-29 years,0,1,0,1
6,Female,30-34 years,0,1,0,1
6,Female,40-44 years,0,1,0,1
6,Female,45-49 years,0,1,0,1
6,Female,50-54 years,0,2,0,2
6,Male,45-49 years,0,1,0,1
site_id,gender,age_group,3HP (Started New on ART),6H (Started New on ART),3HP (Started Previously on ART),6H (Started Previously on ART)
700,Female,<1 years,0,1,0,2
700,Female,1-4 years,0,4,0,5
700,Female,20-24 years,1,1,1,1
700,Female,25-29 years,1,4,1,4
700,Female,30-34 years,0,1,0,1
700,Male,<1 years,0,1,0,1
700,Male,1-4 years,0,1,0,1
700,Male,10-14 years,0,2,0,2
700,Male,20-24 years,2,0,2,0
700,Male,25-29 years,1,0,1,0
700,Male,40-44 years,1,0,1,0
700,Male,5-9 years,0,1,0,1
site_id,gender,age_group,3HP (Started New on ART),6H (Started New on ART),3HP (Started Previously on ART),6H (Started Previously on ART)
701,Male,5-9 years,0,1,0,1
site_id,gender,age_group,3HP (Started New on ART),6H (Started New on ART),3HP (Started Previously on ART),6H (Started Previously on ART)
706,Female,40-44 years,0,0,1,0
site_id,gender,age_group,3HP (Started New on ART),6H (Started New on ART),3HP (Started Previously on ART),6H (Started Previously on ART)
70,Female,20-24 years,0,1,0,1
70,Female,25-29 years,0,3,0,3
70,Female,40-44 years,1,0,1,0
70,Female,45-49 years,0,1,0,1
70,Female,5-9 years,0,0,0,1
70,Male,30-34 years,0,1,0,1
70,Male,35-39 years,0,1,0,1
70,Male,40-44 years,0,1,0,1
70,Male,55-59 years,0,0,0,1
site_id,gender,age_group,3HP (Started New on ART),6H (Started New on ART),3HP (Started Previously on ART),6H (Started Previously on ART)
718,Female,30-34 years,0,1,0,1
site_id,gender,age_group,3HP (Started New on ART),6H (Started New on ART),3HP (Started Previously on ART),6H (Started Previously on ART)
72,Female,35-39 years,1,0,1,0
site_id,gender,age_group,3HP (Started New on ART),6H (Started New on ART),3HP (Started Previously on ART),6H (Started Previously on ART)
73,Female,35-39 years,1,0,1,0
73,Male,40-44 years,1,0,1,0
site_id,gender,age_group,3HP (Started New on ART),6H (Started New on ART),3HP (Started Previously on ART),6H (Started Previously on ART)
76,Female,1-4 years,0,1,0,1
76,Female,20-24 years,1,0,1,0
site_id,gender,age_group,3HP (Started New on ART),6H (Started New on ART),3HP (Started Previously on ART),6H (Started Previously on ART)
78,Female,30-34 years,0,1,0,1
78,Female,55-59 years,1,1,1,1
site_id,gender,age_group,3HP (Started New on ART),6H (Started New on ART),3HP (Started Previously on ART),6H (Started Previously on ART)
794,Male,25-29 years,0,1,0,1
site_id,gender,age_group,3HP (Started New on ART),6H (Started New on ART),3HP (Started Previously on ART),6H (Started Previously on ART)
799,Female,1-4 years,0,1,0,1
799,Male,1-4 years,0,1,0,1
799,Male,5-9 years,1,0,1,0
site_id,gender,age_group,3HP (Started New on ART),6H (Started New on ART),3HP (Started Previously on ART),6H (Started Previously on ART)
803,Female,10-14 years,0,1,0,1
site_id,gender,age_group,3HP (Started New on ART),6H (Started New on ART),3HP (Started Previously on ART),6H (Started Previously on ART)
806,Female,15-19 years,1,0,1,0
806,Female,25-29 years,1,0,1,0
806,Female,35-39 years,2,0,2,0
806,Female,40-44 years,1,0,1,0
806,Male,30-34 years,1,0,1,0
806,Male,35-39 years,1,0,1,0
806,Male,45-49 years,1,0,1,0
site_id,gender,age_group,3HP (Started New on ART),6H (Started New on ART),3HP (Started Previously on ART),6H (Started Previously on ART)
80,Female,15-19 years,0,1,0,1
80,Female,40-44 years,0,1,0,1
80,Male,25-29 years,0,1,0,1
80,Male,30-34 years,0,1,0,1
site_id,gender,age_group,3HP (Started New on ART),6H (Started New on ART),3HP (Started Previously on ART),6H (Started Previously on ART)
810,Female,50-54 years,1,0,1,0
810,Male,20-24 years,0,1,0,1
site_id,gender,age_group,3HP (Started New on ART),6H (Started New on ART),3HP (Started Previously on ART),6H (Started Previously on ART)
833,Male,55-59 years,1,0,1,0
site_id,gender,age_group,3HP (Started New on ART),6H (Started New on ART),3HP (Started Previously on ART),6H (Started Previously on ART)
83,Female,25-29 years,1,0,1,0
83,Female,40-44 years,1,0,1,0
site_id,gender,age_group,3HP (Started New on ART),6H (Started New on ART),3HP (Started Previously on ART),6H (Started Previously on ART)
843,Female,50-54 years,1,0,1,0
843,Male,25-29 years,0,1,0,1
843,Male,40-44 years,1,0,1,0
site_id,gender,age_group,3HP (Started New on ART),6H (Started New on ART),3HP (Started Previously on ART),6H (Started Previously on ART)
853,Female,25-29 years,1,0,1,0
853,Female,30-34 years,1,0,1,0
853,Male,30-34 years,1,0,1,0
853,Male,45-49 years,1,0,1,0
853,Male,55-59 years,1,0,1,0
site_id,gender,age_group,3HP (Started New on ART),6H (Started New on ART),3HP (Started Previously on ART),6H (Started Previously on ART)
857,Female,1-4 years,0,1,0,1
site_id,gender,age_group,3HP (Started New on ART),6H (Started New on ART),3HP (Started Previously on ART),6H (Started Previously on ART)
860,Female,30-34 years,1,2,1,2
860,Female,40-44 years,1,0,1,0
860,Female,50-54 years,0,1,0,1
860,Female,55-59 years,0,1,0,1
860,Male,50-54 years,0,1,0,1
860,Male,70-74 years,0,1,0,1
site_id,gender,age_group,3HP (Started New on ART),6H (Started New on ART),3HP (Started Previously on ART),6H (Started Previously on ART)
863,Male,50-54 years,1,0,1,0
site_id,gender,age_group,3HP (Started New on ART),6H (Started New on ART),3HP (Started Previously on ART),6H (Started Previously on ART)
866,Female,20-24 years,0,0,1,0
866,Female,25-29 years,1,0,1,0
866,Female,35-39 years,0,0,1,0
866,Female,40-44 years,1,0,2,0
866,Male,45-49 years,1,0,1,0
site_id,gender,age_group,3HP (Started New on ART),6H (Started New on ART),3HP (Started Previously on ART),6H (Started Previously on ART)
873,Female,35-39 years,1,0,1,0
873,Female,45-49 years,0,0,0,1
873,Male,35-39 years,1,0,1,0
873,Male,40-44 years,0,0,1,0
site_id,gender,age_group,3HP (Started New on ART),6H (Started New on ART),3HP (Started Previously on ART),6H (Started Previously on ART)
876,Female,45-49 years,1,0,1,0
site_id,gender,age_group,3HP (Started New on ART),6H (Started New on ART),3HP (Started Previously on ART),6H (Started Previously on ART)
87,Female,60-64 years,1,0,1,0
site_id,gender,age_group,3HP (Started New on ART),6H (Started New on ART),3HP (Started Previously on ART),6H (Started Previously on ART)
898,Female,25-29 years,1,0,1,1
898,Male,25-29 years,1,0,2,0
site_id,gender,age_group,3HP (Started New on ART),6H (Started New on ART),3HP (Started Previously on ART),6H (Started Previously on ART)
89,Male,60-64 years,0,0,0,1
site_id,gender,age_group,3HP (Started New on ART),6H (Started New on ART),3HP (Started Previously on ART),6H (Started Previously on ART)
8,Female,20-24 years,0,1,0,1
8,Female,30-34 years,2,0,2,0
8,Female,35-39 years,1,0,1,0
8,Male,20-24 years,1,0,1,0
8,Male,30-34 years,1,0,1,0
8,Male,35-39 years,0,1,0,1
8,Male,40-44 years,1,0,1,0
site_id,gender,age_group,3HP (Started New on ART),6H (Started New on ART),3HP (Started Previously on ART),6H (Started Previously on ART)
905,Female,40-44 years,1,0,1,0
905,Male,25-29 years,1,0,1,0
site_id,gender,age_group,3HP (Started New on ART),6H (Started New on ART),3HP (Started Previously on ART),6H (Started Previously on ART)
909,Female,45-49 years,0,0,0,1
909,Male,45-49 years,0,0,0,1
site_id,gender,age_group,3HP (Started New on ART),6H (Started New on ART),3HP (Started Previously on ART),6H (Started Previously on ART)
911,Female,25-29 years,1,0,1,0
site_id,gender,age_group,3HP (Started New on ART),6H (Started New on ART),3HP (Started Previously on ART),6H (Started Previously on ART)
917,Female,25-29 years,1,0,1,0
917,Female,55-59 years,1,0,1,0
917,Male,20-24 years,1,0,1,0
917,Male,25-29 years,1,0,1,0
917,Male,35-39 years,1,0,1,0
site_id,gender,age_group,3HP (Started New on ART),6H (Started New on ART),3HP (Started Previously on ART),6H (Started Previously on ART)
918,Male,20-24 years,1,0,1,0
918,Male,30-34 years,1,0,1,0
918,Male,40-44 years,1,0,1,0
site_id,gender,age_group,3HP (Started New on ART),6H (Started New on ART),3HP (Started Previously on ART),6H (Started Previously on ART)
920,Female,15-19 years,1,0,1,0
920,Female,20-24 years,1,0,1,0
920,Female,25-29 years,1,0,1,0
920,Female,40-44 years,1,0,1,0
site_id,gender,age_group,3HP (Started New on ART),6H (Started New on ART),3HP (Started Previously on ART),6H (Started Previously on ART)
923,Male,35-39 years,0,0,1,0
site_id,gender,age_group,3HP (Started New on ART),6H (Started New on ART),3HP (Started Previously on ART),6H (Started Previously on ART)
924,Female,10-14 years,1,0,1,0
924,Male,40-44 years,0,1,0,1
site_id,gender,age_group,3HP (Started New on ART),6H (Started New on ART),3HP (Started Previously on ART),6H (Started Previously on ART)
929,Male,10-14 years,0,1,0,1
site_id,gender,age_group,3HP (Started New on ART),6H (Started New on ART),3HP (Started Previously on ART),6H (Started Previously on ART)
92,Male,15-19 years,0,1,0,1
site_id,gender,age_group,3HP (Started New on ART),6H (Started New on ART),3HP (Started Previously on ART),6H (Started Previously on ART)
930,Male,35-39 years,1,0,1,0
site_id,gender,age_group,3HP (Started New on ART),6H (Started New on ART),3HP (Started Previously on ART),6H (Started Previously on ART)
950,Female,20-24 years,2,0,2,0
950,Female,25-29 years,3,0,3,0
950,Female,30-34 years,1,0,1,0
950,Female,35-39 years,1,0,1,0
950,Female,40-44 years,1,0,1,0
950,Female,45-49 years,1,0,1,0
950,Female,70-74 years,1,0,1,0
950,Male,20-24 years,1,0,1,0
950,Male,25-29 years,1,0,1,0
950,Male,30-34 years,1,0,1,0
950,Male,35-39 years,1,1,1,1
950,Male,40-44 years,1,0,1,0
site_id,gender,age_group,3HP (Started New on ART),6H (Started New on ART),3HP (Started Previously on ART),6H (Started Previously on ART)
951,Female,50-54 years,1,0,1,0
site_id,gender,age_group,3HP (Started New on ART),6H (Started New on ART),3HP (Started Previously on ART),6H (Started Previously on ART)
952,Female,10-14 years,0,1,0,1
952,Female,20-24 years,1,0,1,0
952,Female,25-29 years,3,0,3,0
952,Female,5-9 years,0,1,0,1
952,Male,1-4 years,0,1,0,1
952,Male,25-29 years,1,0,1,0
952,Male,30-34 years,1,0,1,0
952,Male,40-44 years,1,0,1,0
site_id,gender,age_group,3HP (Started New on ART),6H (Started New on ART),3HP (Started Previously on ART),6H (Started Previously on ART)
956,Female,35-39 years,1,0,1,0
site_id,gender,age_group,3HP (Started New on ART),6H (Started New on ART),3HP (Started Previously on ART),6H (Started Previously on ART)
957,Male,50-54 years,0,1,0,1
site_id,gender,age_group,3HP (Started New on ART),6H (Started New on ART),3HP (Started Previously on ART),6H (Started Previously on ART)
958,Male,80-84 years,0,0,0,1
site_id,gender,age_group,3HP (Started New on ART),6H (Started New on ART),3HP (Started Previously on ART),6H (Started Previously on ART)
976,Female,1-4 years,0,2,0,2
976,Female,20-24 years,1,0,1,0
976,Female,45-49 years,1,0,1,0
976,Male,5-9 years,0,1,0,1
site_id,gender,age_group,3HP (Started New on ART),6H (Started New on ART),3HP (Started Previously on ART),6H (Started Previously on ART)
979,Male,50-54 years,1,0,1,0
site_id,gender,age_group,3HP (Started New on ART),6H (Started New on ART),3HP (Started Previously on ART),6H (Started Previously on ART)
97,Female,25-29 years,1,0,1,0
97,Female,50-54 years,0,1,0,1
97,Male,25-29 years,1,0,1,0
97,Male,40-44 years,1,0,1,0
97,Male,45-49 years,0,1,0,1
97,Male,50-54 years,0,1,0,1
97,Male,60-64 years,0,1,0,1
site_id,gender,age_group,3HP (Started New on ART),6H (Started New on ART),3HP (Started Previously on ART),6H (Started Previously on ART)
983,Male,25-29 years,0,0,0,1
983,Male,45-49 years,0,0,1,0
site_id,gender,age_group,3HP (Started New on ART),6H (Started New on ART),3HP (Started Previously on ART),6H (Started Previously on ART)
989,Female,15-19 years,1,0,1,0
989,Female,5-9 years,0,1,0,1
site_id,gender,age_group,3HP (Started New on ART),6H (Started New on ART),3HP (Started Previously on ART),6H (Started Previously on ART)
991,Female,25-29 years,1,0,1,0
991,Female,35-39 years,1,0,1,0
site_id,gender,age_group,3HP (Started New on ART),6H (Started New on ART),3HP (Started Previously on ART),6H (Started Previously on ART)
994,Female,25-29 years,0,1,0,1
994,Female,30-34 years,1,0,1,0
994,Female,50-54 years,0,1,0,1
994,Male,60-64 years,1,0,1,0
site_id,gender,age_group,3HP (Started New on ART),6H (Started New on ART),3HP (Started Previously on ART),6H (Started Previously on ART)
995,Female,20-24 years,1,0,1,0
995,Female,35-39 years,1,0,1,0
995,Male,5-9 years,0,1,0,1
site_id,gender,age_group,3HP (Started New on ART),6H (Started New on ART),3HP (Started Previously on ART),6H (Started Previously on ART)
996,Male,35-39 years,1,0,1,0
996,Male,40-44 years,0,1,0,1
site_id,gender,age_group,3HP (Started New on ART),6H (Started New on ART),3HP (Started Previously on ART),6H (Started Previously on ART)
99,Female,15-19 years,1,0,1,0
99,Female,25-29 years,1,0,1,0
99,Female,30-34 years,1,0,2,0
99,Female,35-39 years,1,0,1,0
99,Male,10-14 years,0,1,0,1
99,Male,20-24 years,0,0,1,0
