site_id,facility,indicator,sex,age_group,Date_Submitted,# of clients on <3 months of ARVs,# of clients on 3 - 5 months of ARVs,# of clients on >= 6 months of ARVs
1042,Kamuzu Academy Clinic,TX_CURR_MMD,Male,45-49 years,2025-08-26 01:24:06.723883+00:00,0,1,0
1042,Kamuzu Academy Clinic,TX_CURR_MMD,Female,30-34 years,2025-08-26 01:24:06.723883+00:00,1,0,0
1042,Kamuzu Academy Clinic,TX_CURR_MMD,Male,55-59 years,2025-08-26 01:24:06.723883+00:00,0,2,0
1042,Kamuzu Academy Clinic,TX_CURR_MMD,FNP,All,2025-08-26 01:24:06.723883+00:00,2,4,0
1042,Kamuzu Academy Clinic,TX_CURR_MMD,Female,45-49 years,2025-08-26 01:24:06.723883+00:00,0,1,0
1042,Kamuzu Academy Clinic,TX_CURR_MMD,Male,50-54 years,2025-08-26 01:24:06.723883+00:00,0,2,0
1042,Kamuzu Academy Clinic,TX_CURR_MMD,Female,35-39 years,2025-08-26 01:24:06.723883+00:00,1,0,0
1042,Kamuzu Academy Clinic,TX_CURR_MMD,Female,15-19 years,2025-08-26 01:24:06.723883+00:00,0,2,0
1042,Kamuzu Academy Clinic,TX_CURR_MMD,Male,40-44 years,2025-08-26 01:24:06.723883+00:00,0,1,0
1042,Kamuzu Academy Clinic,TX_CURR_MMD,Female,50-54 years,2025-08-26 01:24:06.723883+00:00,0,1,0
1042,Kamuzu Academy Clinic,TX_CURR_MMD,Male,All,2025-08-26 01:24:06.723883+00:00,0,7,0
1042,Kamuzu Academy Clinic,TX_CURR_MMD,Male,15-19 years,2025-08-26 01:24:06.723883+00:00,0,1,0
site_id,facility,indicator,sex,age_group,Date_Submitted,# of clients on <3 months of ARVs,# of clients on 3 - 5 months of ARVs,# of clients on >= 6 months of ARVs
1075,Kavuzi Cummock Health Centre,TX_CURR_MMD,Female,55-59 years,2025-08-26 01:24:06.734960+00:00,0,4,0
1075,Kavuzi Cummock Health Centre,TX_CURR_MMD,Male,65-69 years,2025-08-26 01:24:06.734960+00:00,0,2,0
1075,Kavuzi Cummock Health Centre,TX_CURR_MMD,Female,45-49 years,2025-08-26 01:24:06.734960+00:00,2,5,0
1075,Kavuzi Cummock Health Centre,TX_CURR_MMD,Female,65-69 years,2025-08-26 01:24:06.734960+00:00,0,1,0
1075,Kavuzi Cummock Health Centre,TX_CURR_MMD,Male,All,2025-08-26 01:24:06.734960+00:00,4,26,4
1075,Kavuzi Cummock Health Centre,TX_CURR_MMD,Male,25-29 years,2025-08-26 01:24:06.734960+00:00,0,2,0
1075,Kavuzi Cummock Health Centre,TX_CURR_MMD,FNP,All,2025-08-26 01:24:06.734960+00:00,3,49,2
1075,Kavuzi Cummock Health Centre,TX_CURR_MMD,Male,45-49 years,2025-08-26 01:24:06.734960+00:00,2,5,2
1075,Kavuzi Cummock Health Centre,TX_CURR_MMD,Female,30-34 years,2025-08-26 01:24:06.734960+00:00,1,3,0
1075,Kavuzi Cummock Health Centre,TX_CURR_MMD,Female,10-14 years,2025-08-26 01:24:06.734960+00:00,0,1,0
1075,Kavuzi Cummock Health Centre,TX_CURR_MMD,Male,40-44 years,2025-08-26 01:24:06.734960+00:00,0,1,0
1075,Kavuzi Cummock Health Centre,TX_CURR_MMD,Male,55-59 years,2025-08-26 01:24:06.734960+00:00,1,4,0
1075,Kavuzi Cummock Health Centre,TX_CURR_MMD,Male,35-39 years,2025-08-26 01:24:06.734960+00:00,0,2,1
1075,Kavuzi Cummock Health Centre,TX_CURR_MMD,Male,15-19 years,2025-08-26 01:24:06.734960+00:00,0,4,0
1075,Kavuzi Cummock Health Centre,TX_CURR_MMD,Female,15-19 years,2025-08-26 01:24:06.734960+00:00,0,3,0
1075,Kavuzi Cummock Health Centre,TX_CURR_MMD,Female,35-39 years,2025-08-26 01:24:06.734960+00:00,0,3,1
1075,Kavuzi Cummock Health Centre,TX_CURR_MMD,Female,70-74 years,2025-08-26 01:24:06.734960+00:00,0,2,0
1075,Kavuzi Cummock Health Centre,TX_CURR_MMD,Female,5-9 years,2025-08-26 01:24:06.734960+00:00,1,1,0
1075,Kavuzi Cummock Health Centre,TX_CURR_MMD,Male,10-14 years,2025-08-26 01:24:06.734960+00:00,0,1,0
1075,Kavuzi Cummock Health Centre,TX_CURR_MMD,Male,50-54 years,2025-08-26 01:24:06.734960+00:00,1,1,0
1075,Kavuzi Cummock Health Centre,TX_CURR_MMD,FP,All,2025-08-26 01:24:06.734960+00:00,1,0,0
1075,Kavuzi Cummock Health Centre,TX_CURR_MMD,Male,30-34 years,2025-08-26 01:24:06.734960+00:00,0,3,0
1075,Kavuzi Cummock Health Centre,TX_CURR_MMD,Female,40-44 years,2025-08-26 01:24:06.734960+00:00,0,8,0
1075,Kavuzi Cummock Health Centre,TX_CURR_MMD,Male,70-74 years,2025-08-26 01:24:06.734960+00:00,0,1,1
1075,Kavuzi Cummock Health Centre,TX_CURR_MMD,Female,60-64 years,2025-08-26 01:24:06.734960+00:00,0,7,0
1075,Kavuzi Cummock Health Centre,TX_CURR_MMD,Female,50-54 years,2025-08-26 01:24:06.734960+00:00,0,4,1
1075,Kavuzi Cummock Health Centre,TX_CURR_MMD,Female,20-24 years,2025-08-26 01:24:06.734960+00:00,0,2,0
1075,Kavuzi Cummock Health Centre,TX_CURR_MMD,Female,25-29 years,2025-08-26 01:24:06.734960+00:00,0,5,0
site_id,facility,indicator,sex,age_group,Date_Submitted,# of clients on <3 months of ARVs,# of clients on 3 - 5 months of ARVs,# of clients on >= 6 months of ARVs
10,Area 25 Urban Health Centre,TX_CURR_MMD,Female,65-69 years,2025-08-26 01:24:06.554603+00:00,0,9,28
10,Area 25 Urban Health Centre,TX_CURR_MMD,Female,15-19 years,2025-08-26 01:24:06.554603+00:00,9,87,15
10,Area 25 Urban Health Centre,TX_CURR_MMD,FBF,All,2025-08-26 01:24:06.554603+00:00,39,259,81
10,Area 25 Urban Health Centre,TX_CURR_MMD,Male,35-39 years,2025-08-26 01:24:06.554603+00:00,14,124,207
10,Area 25 Urban Health Centre,TX_CURR_MMD,Male,80-84 years,2025-08-26 01:24:06.554603+00:00,1,0,1
10,Area 25 Urban Health Centre,TX_CURR_MMD,Male,75-79 years,2025-08-26 01:24:06.554603+00:00,0,2,4
10,Area 25 Urban Health Centre,TX_CURR_MMD,Unknown,All,2025-08-26 01:24:06.554603+00:00,0,2,1
10,Area 25 Urban Health Centre,TX_CURR_MMD,Male,25-29 years,2025-08-26 01:24:06.554603+00:00,4,49,74
10,Area 25 Urban Health Centre,TX_CURR_MMD,Male,50-54 years,2025-08-26 01:24:06.554603+00:00,3,83,207
10,Area 25 Urban Health Centre,TX_CURR_MMD,Female,25-29 years,2025-08-26 01:24:06.554603+00:00,38,305,300
10,Area 25 Urban Health Centre,TX_CURR_MMD,Female,60-64 years,2025-08-26 01:24:06.554603+00:00,1,34,59
10,Area 25 Urban Health Centre,TX_CURR_MMD,Female,40-44 years,2025-08-26 01:24:06.554603+00:00,6,236,506
10,Area 25 Urban Health Centre,TX_CURR_MMD,Unknown,25-29 years,2025-08-26 01:24:06.554603+00:00,0,1,0
10,Area 25 Urban Health Centre,TX_CURR_MMD,Male,<1 years,2025-08-26 01:24:06.554603+00:00,0,3,0
10,Area 25 Urban Health Centre,TX_CURR_MMD,Male,65-69 years,2025-08-26 01:24:06.554603+00:00,1,11,41
10,Area 25 Urban Health Centre,TX_CURR_MMD,Male,70-74 years,2025-08-26 01:24:06.554603+00:00,1,11,8
10,Area 25 Urban Health Centre,TX_CURR_MMD,FP,All,2025-08-26 01:24:06.554603+00:00,22,114,51
10,Area 25 Urban Health Centre,TX_CURR_MMD,Female,5-9 years,2025-08-26 01:24:06.554603+00:00,0,12,12
10,Area 25 Urban Health Centre,TX_CURR_MMD,Male,20-24 years,2025-08-26 01:24:06.554603+00:00,4,31,33
10,Area 25 Urban Health Centre,TX_CURR_MMD,Female,85-89 years,2025-08-26 01:24:06.554603+00:00,0,0,1
10,Area 25 Urban Health Centre,TX_CURR_MMD,Female,70-74 years,2025-08-26 01:24:06.554603+00:00,1,5,13
10,Area 25 Urban Health Centre,TX_CURR_MMD,Female,35-39 years,2025-08-26 01:24:06.554603+00:00,21,320,470
10,Area 25 Urban Health Centre,TX_CURR_MMD,Male,45-49 years,2025-08-26 01:24:06.554603+00:00,5,161,269
10,Area 25 Urban Health Centre,TX_CURR_MMD,Female,<1 years,2025-08-26 01:24:06.554603+00:00,0,2,0
10,Area 25 Urban Health Centre,TX_CURR_MMD,Male,10-14 years,2025-08-26 01:24:06.554603+00:00,3,38,6
10,Area 25 Urban Health Centre,TX_CURR_MMD,Female,80-84 years,2025-08-26 01:24:06.554603+00:00,0,1,1
10,Area 25 Urban Health Centre,TX_CURR_MMD,Female,1-4 years,2025-08-26 01:24:06.554603+00:00,1,5,13
10,Area 25 Urban Health Centre,TX_CURR_MMD,FNP,All,2025-08-26 01:24:06.554603+00:00,85,1419,2371
10,Area 25 Urban Health Centre,TX_CURR_MMD,Male,5-9 years,2025-08-26 01:24:06.554603+00:00,0,11,17
10,Area 25 Urban Health Centre,TX_CURR_MMD,Female,10-14 years,2025-08-26 01:24:06.554603+00:00,2,49,5
10,Area 25 Urban Health Centre,TX_CURR_MMD,Female,45-49 years,2025-08-26 01:24:06.554603+00:00,2,171,332
10,Area 25 Urban Health Centre,TX_CURR_MMD,Male,30-34 years,2025-08-26 01:24:06.554603+00:00,10,76,144
10,Area 25 Urban Health Centre,TX_CURR_MMD,Male,60-64 years,2025-08-26 01:24:06.554603+00:00,1,34,65
10,Area 25 Urban Health Centre,TX_CURR_MMD,Female,50-54 years,2025-08-26 01:24:06.554603+00:00,0,70,174
10,Area 25 Urban Health Centre,TX_CURR_MMD,Female,30-34 years,2025-08-26 01:24:06.554603+00:00,31,315,377
10,Area 25 Urban Health Centre,TX_CURR_MMD,Male,40-44 years,2025-08-26 01:24:06.554603+00:00,5,142,339
10,Area 25 Urban Health Centre,TX_CURR_MMD,Male,55-59 years,2025-08-26 01:24:06.554603+00:00,2,49,101
10,Area 25 Urban Health Centre,TX_CURR_MMD,Female,55-59 years,2025-08-26 01:24:06.554603+00:00,0,44,90
10,Area 25 Urban Health Centre,TX_CURR_MMD,Female,75-79 years,2025-08-26 01:24:06.554603+00:00,0,2,6
10,Area 25 Urban Health Centre,TX_CURR_MMD,Female,20-24 years,2025-08-26 01:24:06.554603+00:00,34,125,101
10,Area 25 Urban Health Centre,TX_CURR_MMD,Male,All,2025-08-26 01:24:06.554603+00:00,56,891,1546
10,Area 25 Urban Health Centre,TX_CURR_MMD,Male,85-89 years,2025-08-26 01:24:06.554603+00:00,0,1,0
10,Area 25 Urban Health Centre,TX_CURR_MMD,Male,1-4 years,2025-08-26 01:24:06.554603+00:00,0,3,21
10,Area 25 Urban Health Centre,TX_CURR_MMD,Unknown,20-24 years,2025-08-26 01:24:06.554603+00:00,0,0,1
10,Area 25 Urban Health Centre,TX_CURR_MMD,Male,15-19 years,2025-08-26 01:24:06.554603+00:00,2,62,9
10,Area 25 Urban Health Centre,TX_CURR_MMD,Unknown,10-14 years,2025-08-26 01:24:06.554603+00:00,0,1,0
site_id,facility,indicator,sex,age_group,Date_Submitted,# of clients on <3 months of ARVs,# of clients on 3 - 5 months of ARVs,# of clients on >= 6 months of ARVs
115,Chitekesa Health Centre,TX_CURR_MMD,Female,70-74 years,2025-08-26 01:24:06.578755+00:00,0,8,11
115,Chitekesa Health Centre,TX_CURR_MMD,Male,65-69 years,2025-08-26 01:24:06.578755+00:00,0,5,19
115,Chitekesa Health Centre,TX_CURR_MMD,Female,45-49 years,2025-08-26 01:24:06.578755+00:00,2,80,176
115,Chitekesa Health Centre,TX_CURR_MMD,Female,60-64 years,2025-08-26 01:24:06.578755+00:00,1,15,43
115,Chitekesa Health Centre,TX_CURR_MMD,FP,All,2025-08-26 01:24:06.578755+00:00,5,14,58
115,Chitekesa Health Centre,TX_CURR_MMD,Female,15-19 years,2025-08-26 01:24:06.578755+00:00,11,40,4
115,Chitekesa Health Centre,TX_CURR_MMD,Female,20-24 years,2025-08-26 01:24:06.578755+00:00,8,32,48
115,Chitekesa Health Centre,TX_CURR_MMD,Male,45-49 years,2025-08-26 01:24:06.578755+00:00,0,42,136
115,Chitekesa Health Centre,TX_CURR_MMD,Female,65-69 years,2025-08-26 01:24:06.578755+00:00,0,12,25
115,Chitekesa Health Centre,TX_CURR_MMD,Male,10-14 years,2025-08-26 01:24:06.578755+00:00,2,29,0
115,Chitekesa Health Centre,TX_CURR_MMD,Male,All,2025-08-26 01:24:06.578755+00:00,10,268,640
115,Chitekesa Health Centre,TX_CURR_MMD,Male,20-24 years,2025-08-26 01:24:06.578755+00:00,0,10,15
115,Chitekesa Health Centre,TX_CURR_MMD,Female,40-44 years,2025-08-26 01:24:06.578755+00:00,9,98,208
115,Chitekesa Health Centre,TX_CURR_MMD,Female,25-29 years,2025-08-26 01:24:06.578755+00:00,15,42,70
115,Chitekesa Health Centre,TX_CURR_MMD,Male,25-29 years,2025-08-26 01:24:06.578755+00:00,1,11,23
115,Chitekesa Health Centre,TX_CURR_MMD,Female,75-79 years,2025-08-26 01:24:06.578755+00:00,0,5,6
115,Chitekesa Health Centre,TX_CURR_MMD,Female,5-9 years,2025-08-26 01:24:06.578755+00:00,0,6,4
115,Chitekesa Health Centre,TX_CURR_MMD,Female,1-4 years,2025-08-26 01:24:06.578755+00:00,0,3,1
115,Chitekesa Health Centre,TX_CURR_MMD,Male,80-84 years,2025-08-26 01:24:06.578755+00:00,0,2,2
115,Chitekesa Health Centre,TX_CURR_MMD,Female,80-84 years,2025-08-26 01:24:06.578755+00:00,0,1,1
115,Chitekesa Health Centre,TX_CURR_MMD,FBF,All,2025-08-26 01:24:06.578755+00:00,29,55,5
115,Chitekesa Health Centre,TX_CURR_MMD,Male,55-59 years,2025-08-26 01:24:06.578755+00:00,0,6,48
115,Chitekesa Health Centre,TX_CURR_MMD,Male,1-4 years,2025-08-26 01:24:06.578755+00:00,0,1,4
115,Chitekesa Health Centre,TX_CURR_MMD,Male,50-54 years,2025-08-26 01:24:06.578755+00:00,0,24,99
115,Chitekesa Health Centre,TX_CURR_MMD,Female,90 plus years,2025-08-26 01:24:06.578755+00:00,0,0,1
115,Chitekesa Health Centre,TX_CURR_MMD,Female,30-34 years,2025-08-26 01:24:06.578755+00:00,6,72,126
115,Chitekesa Health Centre,TX_CURR_MMD,Female,35-39 years,2025-08-26 01:24:06.578755+00:00,14,101,201
115,Chitekesa Health Centre,TX_CURR_MMD,Male,30-34 years,2025-08-26 01:24:06.578755+00:00,0,7,42
115,Chitekesa Health Centre,TX_CURR_MMD,Female,10-14 years,2025-08-26 01:24:06.578755+00:00,1,31,3
115,Chitekesa Health Centre,TX_CURR_MMD,Male,40-44 years,2025-08-26 01:24:06.578755+00:00,1,43,104
115,Chitekesa Health Centre,TX_CURR_MMD,Female,50-54 years,2025-08-26 01:24:06.578755+00:00,0,67,94
115,Chitekesa Health Centre,TX_CURR_MMD,Male,70-74 years,2025-08-26 01:24:06.578755+00:00,0,7,14
115,Chitekesa Health Centre,TX_CURR_MMD,FNP,All,2025-08-26 01:24:06.578755+00:00,34,570,1031
115,Chitekesa Health Centre,TX_CURR_MMD,Female,55-59 years,2025-08-26 01:24:06.578755+00:00,1,26,72
115,Chitekesa Health Centre,TX_CURR_MMD,Male,35-39 years,2025-08-26 01:24:06.578755+00:00,1,26,80
115,Chitekesa Health Centre,TX_CURR_MMD,Male,5-9 years,2025-08-26 01:24:06.578755+00:00,1,8,4
115,Chitekesa Health Centre,TX_CURR_MMD,Male,15-19 years,2025-08-26 01:24:06.578755+00:00,4,37,8
115,Chitekesa Health Centre,TX_CURR_MMD,Male,60-64 years,2025-08-26 01:24:06.578755+00:00,0,8,35
115,Chitekesa Health Centre,TX_CURR_MMD,Male,75-79 years,2025-08-26 01:24:06.578755+00:00,0,2,7
site_id,facility,indicator,sex,age_group,Date_Submitted,# of clients on <3 months of ARVs,# of clients on 3 - 5 months of ARVs,# of clients on >= 6 months of ARVs
138,Dedza District Hospital,TX_CURR_MMD,FNP,All,2025-08-26 01:24:06.590824+00:00,92,1734,1292
138,Dedza District Hospital,TX_CURR_MMD,Male,75-79 years,2025-08-26 01:24:06.590824+00:00,0,8,8
138,Dedza District Hospital,TX_CURR_MMD,Female,70-74 years,2025-08-26 01:24:06.590824+00:00,2,10,18
138,Dedza District Hospital,TX_CURR_MMD,Female,75-79 years,2025-08-26 01:24:06.590824+00:00,0,6,7
138,Dedza District Hospital,TX_CURR_MMD,Female,60-64 years,2025-08-26 01:24:06.590824+00:00,1,36,68
138,Dedza District Hospital,TX_CURR_MMD,Male,All,2025-08-26 01:24:06.590824+00:00,93,1175,821
138,Dedza District Hospital,TX_CURR_MMD,Unknown,40-44 years,2025-08-26 01:24:06.590824+00:00,1,0,0
138,Dedza District Hospital,TX_CURR_MMD,Male,55-59 years,2025-08-26 01:24:06.590824+00:00,1,99,70
138,Dedza District Hospital,TX_CURR_MMD,Male,1-4 years,2025-08-26 01:24:06.590824+00:00,0,0,15
138,Dedza District Hospital,TX_CURR_MMD,Female,10-14 years,2025-08-26 01:24:06.590824+00:00,4,48,0
138,Dedza District Hospital,TX_CURR_MMD,Male,60-64 years,2025-08-26 01:24:06.590824+00:00,2,57,63
138,Dedza District Hospital,TX_CURR_MMD,Female,55-59 years,2025-08-26 01:24:06.590824+00:00,1,97,101
138,Dedza District Hospital,TX_CURR_MMD,Female,50-54 years,2025-08-26 01:24:06.590824+00:00,3,169,149
138,Dedza District Hospital,TX_CURR_MMD,Male,50-54 years,2025-08-26 01:24:06.590824+00:00,5,136,131
138,Dedza District Hospital,TX_CURR_MMD,Male,25-29 years,2025-08-26 01:24:06.590824+00:00,14,62,37
138,Dedza District Hospital,TX_CURR_MMD,Male,5-9 years,2025-08-26 01:24:06.590824+00:00,1,13,5
138,Dedza District Hospital,TX_CURR_MMD,Male,15-19 years,2025-08-26 01:24:06.590824+00:00,3,59,3
138,Dedza District Hospital,TX_CURR_MMD,Male,65-69 years,2025-08-26 01:24:06.590824+00:00,0,23,29
138,Dedza District Hospital,TX_CURR_MMD,Female,25-29 years,2025-08-26 01:24:06.590824+00:00,34,226,81
138,Dedza District Hospital,TX_CURR_MMD,Female,85-89 years,2025-08-26 01:24:06.590824+00:00,0,2,0
138,Dedza District Hospital,TX_CURR_MMD,Female,40-44 years,2025-08-26 01:24:06.590824+00:00,29,331,276
138,Dedza District Hospital,TX_CURR_MMD,Female,15-19 years,2025-08-26 01:24:06.590824+00:00,10,64,4
138,Dedza District Hospital,TX_CURR_MMD,Female,80-84 years,2025-08-26 01:24:06.590824+00:00,0,3,2
138,Dedza District Hospital,TX_CURR_MMD,Male,40-44 years,2025-08-26 01:24:06.590824+00:00,15,162,130
138,Dedza District Hospital,TX_CURR_MMD,Female,20-24 years,2025-08-26 01:24:06.590824+00:00,40,142,23
138,Dedza District Hospital,TX_CURR_MMD,Female,<1 years,2025-08-26 01:24:06.590824+00:00,2,0,0
138,Dedza District Hospital,TX_CURR_MMD,Male,70-74 years,2025-08-26 01:24:06.590824+00:00,0,13,15
138,Dedza District Hospital,TX_CURR_MMD,Male,90 plus years,2025-08-26 01:24:06.590824+00:00,0,0,1
138,Dedza District Hospital,TX_CURR_MMD,Male,30-34 years,2025-08-26 01:24:06.590824+00:00,14,110,62
138,Dedza District Hospital,TX_CURR_MMD,Female,45-49 years,2025-08-26 01:24:06.590824+00:00,4,242,219
138,Dedza District Hospital,TX_CURR_MMD,Female,30-34 years,2025-08-26 01:24:06.590824+00:00,35,316,159
138,Dedza District Hospital,TX_CURR_MMD,Male,80-84 years,2025-08-26 01:24:06.590824+00:00,0,1,2
138,Dedza District Hospital,TX_CURR_MMD,Male,10-14 years,2025-08-26 01:24:06.590824+00:00,3,46,1
138,Dedza District Hospital,TX_CURR_MMD,Male,20-24 years,2025-08-26 01:24:06.590824+00:00,9,55,16
138,Dedza District Hospital,TX_CURR_MMD,Male,85-89 years,2025-08-26 01:24:06.590824+00:00,0,1,2
138,Dedza District Hospital,TX_CURR_MMD,Male,45-49 years,2025-08-26 01:24:06.590824+00:00,13,179,135
138,Dedza District Hospital,TX_CURR_MMD,Female,65-69 years,2025-08-26 01:24:06.590824+00:00,1,29,23
138,Dedza District Hospital,TX_CURR_MMD,FP,All,2025-08-26 01:24:06.590824+00:00,51,49,6
138,Dedza District Hospital,TX_CURR_MMD,Female,1-4 years,2025-08-26 01:24:06.590824+00:00,3,1,6
138,Dedza District Hospital,TX_CURR_MMD,Female,35-39 years,2025-08-26 01:24:06.590824+00:00,22,317,155
138,Dedza District Hospital,TX_CURR_MMD,FBF,All,2025-08-26 01:24:06.590824+00:00,50,271,0
138,Dedza District Hospital,TX_CURR_MMD,Female,5-9 years,2025-08-26 01:24:06.590824+00:00,1,15,7
138,Dedza District Hospital,TX_CURR_MMD,Male,35-39 years,2025-08-26 01:24:06.590824+00:00,13,151,96
site_id,facility,indicator,sex,age_group,Date_Submitted,# of clients on <3 months of ARVs,# of clients on 3 - 5 months of ARVs,# of clients on >= 6 months of ARVs
16,Bangwe Health Centre,TX_CURR_MMD,Male,60-64 years,2025-08-26 01:24:06.576906+00:00,3,50,36
16,Bangwe Health Centre,TX_CURR_MMD,Male,5-9 years,2025-08-26 01:24:06.576906+00:00,5,18,14
16,Bangwe Health Centre,TX_CURR_MMD,FNP,All,2025-08-26 01:24:06.576906+00:00,137,2295,1167
16,Bangwe Health Centre,TX_CURR_MMD,Female,35-39 years,2025-08-26 01:24:06.576906+00:00,36,407,225
16,Bangwe Health Centre,TX_CURR_MMD,Female,20-24 years,2025-08-26 01:24:06.576906+00:00,23,174,56
16,Bangwe Health Centre,TX_CURR_MMD,Male,35-39 years,2025-08-26 01:24:06.576906+00:00,14,184,96
16,Bangwe Health Centre,TX_CURR_MMD,Male,75-79 years,2025-08-26 01:24:06.576906+00:00,0,13,3
16,Bangwe Health Centre,TX_CURR_MMD,Female,25-29 years,2025-08-26 01:24:06.576906+00:00,39,358,94
16,Bangwe Health Centre,TX_CURR_MMD,Male,10-14 years,2025-08-26 01:24:06.576906+00:00,7,40,4
16,Bangwe Health Centre,TX_CURR_MMD,Male,45-49 years,2025-08-26 01:24:06.576906+00:00,9,255,166
16,Bangwe Health Centre,TX_CURR_MMD,Female,75-79 years,2025-08-26 01:24:06.576906+00:00,0,8,4
16,Bangwe Health Centre,TX_CURR_MMD,Male,80-84 years,2025-08-26 01:24:06.576906+00:00,0,0,3
16,Bangwe Health Centre,TX_CURR_MMD,Male,50-54 years,2025-08-26 01:24:06.576906+00:00,4,160,108
16,Bangwe Health Centre,TX_CURR_MMD,Unknown,65-69 years,2025-08-26 01:24:06.576906+00:00,0,1,0
16,Bangwe Health Centre,TX_CURR_MMD,Male,30-34 years,2025-08-26 01:24:06.576906+00:00,9,112,62
16,Bangwe Health Centre,TX_CURR_MMD,Male,65-69 years,2025-08-26 01:24:06.576906+00:00,1,31,22
16,Bangwe Health Centre,TX_CURR_MMD,Male,70-74 years,2025-08-26 01:24:06.576906+00:00,0,23,16
16,Bangwe Health Centre,TX_CURR_MMD,Male,55-59 years,2025-08-26 01:24:06.576906+00:00,4,102,63
16,Bangwe Health Centre,TX_CURR_MMD,Female,70-74 years,2025-08-26 01:24:06.576906+00:00,0,12,10
16,Bangwe Health Centre,TX_CURR_MMD,Female,15-19 years,2025-08-26 01:24:06.576906+00:00,16,94,5
16,Bangwe Health Centre,TX_CURR_MMD,Female,55-59 years,2025-08-26 01:24:06.576906+00:00,6,92,50
16,Bangwe Health Centre,TX_CURR_MMD,Male,All,2025-08-26 01:24:06.576906+00:00,101,1446,823
16,Bangwe Health Centre,TX_CURR_MMD,Male,1-4 years,2025-08-26 01:24:06.576906+00:00,4,4,4
16,Bangwe Health Centre,TX_CURR_MMD,Male,<1 years,2025-08-26 01:24:06.576906+00:00,1,1,1
16,Bangwe Health Centre,TX_CURR_MMD,Female,30-34 years,2025-08-26 01:24:06.576906+00:00,32,347,166
16,Bangwe Health Centre,TX_CURR_MMD,Female,60-64 years,2025-08-26 01:24:06.576906+00:00,2,54,33
16,Bangwe Health Centre,TX_CURR_MMD,Male,40-44 years,2025-08-26 01:24:06.576906+00:00,16,249,156
16,Bangwe Health Centre,TX_CURR_MMD,Female,1-4 years,2025-08-26 01:24:06.576906+00:00,0,5,6
16,Bangwe Health Centre,TX_CURR_MMD,FP,All,2025-08-26 01:24:06.576906+00:00,15,119,56
16,Bangwe Health Centre,TX_CURR_MMD,Male,20-24 years,2025-08-26 01:24:06.576906+00:00,10,55,30
16,Bangwe Health Centre,TX_CURR_MMD,Female,50-54 years,2025-08-26 01:24:06.576906+00:00,4,181,114
16,Bangwe Health Centre,TX_CURR_MMD,Female,10-14 years,2025-08-26 01:24:06.576906+00:00,6,61,3
16,Bangwe Health Centre,TX_CURR_MMD,Female,65-69 years,2025-08-26 01:24:06.576906+00:00,0,24,12
16,Bangwe Health Centre,TX_CURR_MMD,Male,25-29 years,2025-08-26 01:24:06.576906+00:00,9,68,30
16,Bangwe Health Centre,TX_CURR_MMD,Female,5-9 years,2025-08-26 01:24:06.576906+00:00,4,12,15
16,Bangwe Health Centre,TX_CURR_MMD,Female,40-44 years,2025-08-26 01:24:06.576906+00:00,24,452,248
16,Bangwe Health Centre,TX_CURR_MMD,Female,80-84 years,2025-08-26 01:24:06.576906+00:00,0,3,1
16,Bangwe Health Centre,TX_CURR_MMD,Female,45-49 years,2025-08-26 01:24:06.576906+00:00,12,318,185
16,Bangwe Health Centre,TX_CURR_MMD,FBF,All,2025-08-26 01:24:06.576906+00:00,52,188,4
16,Bangwe Health Centre,TX_CURR_MMD,Unknown,All,2025-08-26 01:24:06.576906+00:00,0,2,0
16,Bangwe Health Centre,TX_CURR_MMD,Male,90 plus years,2025-08-26 01:24:06.576906+00:00,0,0,1
16,Bangwe Health Centre,TX_CURR_MMD,Unknown,40-44 years,2025-08-26 01:24:06.576906+00:00,0,1,0
16,Bangwe Health Centre,TX_CURR_MMD,Male,15-19 years,2025-08-26 01:24:06.576906+00:00,5,81,8
site_id,facility,indicator,sex,age_group,Date_Submitted,# of clients on <3 months of ARVs,# of clients on 3 - 5 months of ARVs,# of clients on >= 6 months of ARVs
193,Jalasi Health Centre,TX_CURR_MMD,Female,35-39 years,2025-08-26 01:24:06.594725+00:00,6,28,152
193,Jalasi Health Centre,TX_CURR_MMD,Male,35-39 years,2025-08-26 01:24:06.594725+00:00,0,9,23
193,Jalasi Health Centre,TX_CURR_MMD,Male,40-44 years,2025-08-26 01:24:06.594725+00:00,0,5,46
193,Jalasi Health Centre,TX_CURR_MMD,Male,5-9 years,2025-08-26 01:24:06.594725+00:00,0,7,6
193,Jalasi Health Centre,TX_CURR_MMD,Male,75-79 years,2025-08-26 01:24:06.594725+00:00,0,0,4
193,Jalasi Health Centre,TX_CURR_MMD,Female,85-89 years,2025-08-26 01:24:06.594725+00:00,0,0,2
193,Jalasi Health Centre,TX_CURR_MMD,FBF,All,2025-08-26 01:24:06.594725+00:00,3,14,20
193,Jalasi Health Centre,TX_CURR_MMD,Female,15-19 years,2025-08-26 01:24:06.594725+00:00,2,15,10
193,Jalasi Health Centre,TX_CURR_MMD,Female,10-14 years,2025-08-26 01:24:06.594725+00:00,0,24,1
193,Jalasi Health Centre,TX_CURR_MMD,Female,75-79 years,2025-08-26 01:24:06.594725+00:00,0,2,7
193,Jalasi Health Centre,TX_CURR_MMD,Female,30-34 years,2025-08-26 01:24:06.594725+00:00,8,29,119
193,Jalasi Health Centre,TX_CURR_MMD,Female,65-69 years,2025-08-26 01:24:06.594725+00:00,0,4,16
193,Jalasi Health Centre,TX_CURR_MMD,Male,1-4 years,2025-08-26 01:24:06.594725+00:00,0,3,3
193,Jalasi Health Centre,TX_CURR_MMD,Female,40-44 years,2025-08-26 01:24:06.594725+00:00,3,31,185
193,Jalasi Health Centre,TX_CURR_MMD,Male,20-24 years,2025-08-26 01:24:06.594725+00:00,0,3,4
193,Jalasi Health Centre,TX_CURR_MMD,Female,<1 years,2025-08-26 01:24:06.594725+00:00,0,0,1
193,Jalasi Health Centre,TX_CURR_MMD,Female,20-24 years,2025-08-26 01:24:06.594725+00:00,11,9,20
193,Jalasi Health Centre,TX_CURR_MMD,Male,45-49 years,2025-08-26 01:24:06.594725+00:00,0,10,52
193,Jalasi Health Centre,TX_CURR_MMD,Male,10-14 years,2025-08-26 01:24:06.594725+00:00,0,25,0
193,Jalasi Health Centre,TX_CURR_MMD,Female,55-59 years,2025-08-26 01:24:06.594725+00:00,0,9,41
193,Jalasi Health Centre,TX_CURR_MMD,Female,60-64 years,2025-08-26 01:24:06.594725+00:00,0,5,40
193,Jalasi Health Centre,TX_CURR_MMD,Female,1-4 years,2025-08-26 01:24:06.594725+00:00,0,0,1
193,Jalasi Health Centre,TX_CURR_MMD,Male,25-29 years,2025-08-26 01:24:06.594725+00:00,0,1,6
193,Jalasi Health Centre,TX_CURR_MMD,Male,15-19 years,2025-08-26 01:24:06.594725+00:00,2,12,7
193,Jalasi Health Centre,TX_CURR_MMD,Female,45-49 years,2025-08-26 01:24:06.594725+00:00,2,16,110
193,Jalasi Health Centre,TX_CURR_MMD,Male,70-74 years,2025-08-26 01:24:06.594725+00:00,0,1,9
193,Jalasi Health Centre,TX_CURR_MMD,Female,80-84 years,2025-08-26 01:24:06.594725+00:00,0,0,1
193,Jalasi Health Centre,TX_CURR_MMD,Unknown,All,2025-08-26 01:24:06.594725+00:00,0,1,0
193,Jalasi Health Centre,TX_CURR_MMD,Male,All,2025-08-26 01:24:06.594725+00:00,4,98,282
193,Jalasi Health Centre,TX_CURR_MMD,Male,50-54 years,2025-08-26 01:24:06.594725+00:00,0,7,50
193,Jalasi Health Centre,TX_CURR_MMD,Female,25-29 years,2025-08-26 01:24:06.594725+00:00,7,21,71
193,Jalasi Health Centre,TX_CURR_MMD,Female,70-74 years,2025-08-26 01:24:06.594725+00:00,0,1,7
193,Jalasi Health Centre,TX_CURR_MMD,Female,50-54 years,2025-08-26 01:24:06.594725+00:00,1,16,84
193,Jalasi Health Centre,TX_CURR_MMD,FP,All,2025-08-26 01:24:06.594725+00:00,17,2,14
193,Jalasi Health Centre,TX_CURR_MMD,Male,30-34 years,2025-08-26 01:24:06.594725+00:00,1,5,11
193,Jalasi Health Centre,TX_CURR_MMD,FNP,All,2025-08-26 01:24:06.594725+00:00,20,201,847
193,Jalasi Health Centre,TX_CURR_MMD,Female,5-9 years,2025-08-26 01:24:06.594725+00:00,0,8,13
193,Jalasi Health Centre,TX_CURR_MMD,Male,60-64 years,2025-08-26 01:24:06.594725+00:00,0,4,27
193,Jalasi Health Centre,TX_CURR_MMD,Male,65-69 years,2025-08-26 01:24:06.594725+00:00,0,3,12
193,Jalasi Health Centre,TX_CURR_MMD,Male,55-59 years,2025-08-26 01:24:06.594725+00:00,1,3,22
site_id,facility,indicator,sex,age_group,Date_Submitted,# of clients on <3 months of ARVs,# of clients on 3 - 5 months of ARVs,# of clients on >= 6 months of ARVs
194,Jenda Health Centre,TX_CURR_MMD,Female,80-84 years,2025-08-26 01:24:06.612605+00:00,0,0,1
194,Jenda Health Centre,TX_CURR_MMD,Male,All,2025-08-26 01:24:06.612605+00:00,113,286,283
194,Jenda Health Centre,TX_CURR_MMD,Female,25-29 years,2025-08-26 01:24:06.612605+00:00,28,70,38
194,Jenda Health Centre,TX_CURR_MMD,Female,60-64 years,2025-08-26 01:24:06.612605+00:00,2,14,23
194,Jenda Health Centre,TX_CURR_MMD,Male,90 plus years,2025-08-26 01:24:06.612605+00:00,0,1,0
194,Jenda Health Centre,TX_CURR_MMD,Male,1-4 years,2025-08-26 01:24:06.612605+00:00,0,3,1
194,Jenda Health Centre,TX_CURR_MMD,FNP,All,2025-08-26 01:24:06.612605+00:00,151,445,427
194,Jenda Health Centre,TX_CURR_MMD,Male,10-14 years,2025-08-26 01:24:06.612605+00:00,3,14,2
194,Jenda Health Centre,TX_CURR_MMD,Female,5-9 years,2025-08-26 01:24:06.612605+00:00,0,11,2
194,Jenda Health Centre,TX_CURR_MMD,Male,45-49 years,2025-08-26 01:24:06.612605+00:00,14,47,48
194,Jenda Health Centre,TX_CURR_MMD,Male,75-79 years,2025-08-26 01:24:06.612605+00:00,0,0,1
194,Jenda Health Centre,TX_CURR_MMD,Male,85-89 years,2025-08-26 01:24:06.612605+00:00,1,0,0
194,Jenda Health Centre,TX_CURR_MMD,Male,60-64 years,2025-08-26 01:24:06.612605+00:00,3,8,24
194,Jenda Health Centre,TX_CURR_MMD,Female,75-79 years,2025-08-26 01:24:06.612605+00:00,0,1,1
194,Jenda Health Centre,TX_CURR_MMD,Female,30-34 years,2025-08-26 01:24:06.612605+00:00,33,93,53
194,Jenda Health Centre,TX_CURR_MMD,Male,40-44 years,2025-08-26 01:24:06.612605+00:00,23,43,43
194,Jenda Health Centre,TX_CURR_MMD,Female,20-24 years,2025-08-26 01:24:06.612605+00:00,26,46,10
194,Jenda Health Centre,TX_CURR_MMD,Female,35-39 years,2025-08-26 01:24:06.612605+00:00,27,68,69
194,Jenda Health Centre,TX_CURR_MMD,Male,30-34 years,2025-08-26 01:24:06.612605+00:00,12,23,20
194,Jenda Health Centre,TX_CURR_MMD,Male,65-69 years,2025-08-26 01:24:06.612605+00:00,1,8,12
194,Jenda Health Centre,TX_CURR_MMD,Female,65-69 years,2025-08-26 01:24:06.612605+00:00,0,8,11
194,Jenda Health Centre,TX_CURR_MMD,Male,25-29 years,2025-08-26 01:24:06.612605+00:00,10,10,7
194,Jenda Health Centre,TX_CURR_MMD,Male,5-9 years,2025-08-26 01:24:06.612605+00:00,2,4,2
194,Jenda Health Centre,TX_CURR_MMD,Female,10-14 years,2025-08-26 01:24:06.612605+00:00,2,10,7
194,Jenda Health Centre,TX_CURR_MMD,FP,All,2025-08-26 01:24:06.612605+00:00,5,21,6
194,Jenda Health Centre,TX_CURR_MMD,Female,70-74 years,2025-08-26 01:24:06.612605+00:00,2,3,2
194,Jenda Health Centre,TX_CURR_MMD,Female,1-4 years,2025-08-26 01:24:06.612605+00:00,1,1,0
194,Jenda Health Centre,TX_CURR_MMD,Male,80-84 years,2025-08-26 01:24:06.612605+00:00,0,1,1
194,Jenda Health Centre,TX_CURR_MMD,FBF,All,2025-08-26 01:24:06.612605+00:00,6,58,3
194,Jenda Health Centre,TX_CURR_MMD,Male,15-19 years,2025-08-26 01:24:06.612605+00:00,3,6,7
194,Jenda Health Centre,TX_CURR_MMD,Male,70-74 years,2025-08-26 01:24:06.612605+00:00,0,2,7
194,Jenda Health Centre,TX_CURR_MMD,Male,20-24 years,2025-08-26 01:24:06.612605+00:00,2,6,6
194,Jenda Health Centre,TX_CURR_MMD,Female,15-19 years,2025-08-26 01:24:06.612605+00:00,7,14,4
194,Jenda Health Centre,TX_CURR_MMD,Female,50-54 years,2025-08-26 01:24:06.612605+00:00,7,41,38
194,Jenda Health Centre,TX_CURR_MMD,Female,55-59 years,2025-08-26 01:24:06.612605+00:00,2,21,31
194,Jenda Health Centre,TX_CURR_MMD,Male,50-54 years,2025-08-26 01:24:06.612605+00:00,14,34,36
194,Jenda Health Centre,TX_CURR_MMD,Male,55-59 years,2025-08-26 01:24:06.612605+00:00,8,36,33
194,Jenda Health Centre,TX_CURR_MMD,Female,40-44 years,2025-08-26 01:24:06.612605+00:00,15,61,79
194,Jenda Health Centre,TX_CURR_MMD,Female,45-49 years,2025-08-26 01:24:06.612605+00:00,10,62,67
194,Jenda Health Centre,TX_CURR_MMD,Male,35-39 years,2025-08-26 01:24:06.612605+00:00,17,40,33
site_id,facility,indicator,sex,age_group,Date_Submitted,# of clients on <3 months of ARVs,# of clients on 3 - 5 months of ARVs,# of clients on >= 6 months of ARVs
248,Kasinje Health Centre,TX_CURR_MMD,Female,35-39 years,2025-08-26 01:24:06.624907+00:00,3,40,97
248,Kasinje Health Centre,TX_CURR_MMD,Male,25-29 years,2025-08-26 01:24:06.624907+00:00,0,8,15
248,Kasinje Health Centre,TX_CURR_MMD,Male,55-59 years,2025-08-26 01:24:06.624907+00:00,0,4,58
248,Kasinje Health Centre,TX_CURR_MMD,FNP,All,2025-08-26 01:24:06.624907+00:00,19,260,882
248,Kasinje Health Centre,TX_CURR_MMD,Male,5-9 years,2025-08-26 01:24:06.624907+00:00,0,5,5
248,Kasinje Health Centre,TX_CURR_MMD,Female,15-19 years,2025-08-26 01:24:06.624907+00:00,6,20,13
248,Kasinje Health Centre,TX_CURR_MMD,Female,30-34 years,2025-08-26 01:24:06.624907+00:00,2,53,61
248,Kasinje Health Centre,TX_CURR_MMD,Female,80-84 years,2025-08-26 01:24:06.624907+00:00,0,1,2
248,Kasinje Health Centre,TX_CURR_MMD,Male,40-44 years,2025-08-26 01:24:06.624907+00:00,1,25,57
248,Kasinje Health Centre,TX_CURR_MMD,Male,30-34 years,2025-08-26 01:24:06.624907+00:00,2,10,26
248,Kasinje Health Centre,TX_CURR_MMD,Female,55-59 years,2025-08-26 01:24:06.624907+00:00,2,14,71
248,Kasinje Health Centre,TX_CURR_MMD,Male,35-39 years,2025-08-26 01:24:06.624907+00:00,1,9,44
248,Kasinje Health Centre,TX_CURR_MMD,Female,20-24 years,2025-08-26 01:24:06.624907+00:00,2,28,23
248,Kasinje Health Centre,TX_CURR_MMD,FBF,All,2025-08-26 01:24:06.624907+00:00,3,65,8
248,Kasinje Health Centre,TX_CURR_MMD,Male,60-64 years,2025-08-26 01:24:06.624907+00:00,0,8,53
248,Kasinje Health Centre,TX_CURR_MMD,Male,15-19 years,2025-08-26 01:24:06.624907+00:00,0,16,6
248,Kasinje Health Centre,TX_CURR_MMD,Female,10-14 years,2025-08-26 01:24:06.624907+00:00,0,13,3
248,Kasinje Health Centre,TX_CURR_MMD,Male,45-49 years,2025-08-26 01:24:06.624907+00:00,2,11,85
248,Kasinje Health Centre,TX_CURR_MMD,Female,40-44 years,2025-08-26 01:24:06.624907+00:00,5,52,181
248,Kasinje Health Centre,TX_CURR_MMD,Female,25-29 years,2025-08-26 01:24:06.624907+00:00,3,32,39
248,Kasinje Health Centre,TX_CURR_MMD,Female,5-9 years,2025-08-26 01:24:06.624907+00:00,1,6,2
248,Kasinje Health Centre,TX_CURR_MMD,Male,70-74 years,2025-08-26 01:24:06.624907+00:00,0,3,13
248,Kasinje Health Centre,TX_CURR_MMD,Male,50-54 years,2025-08-26 01:24:06.624907+00:00,2,10,77
248,Kasinje Health Centre,TX_CURR_MMD,Male,20-24 years,2025-08-26 01:24:06.624907+00:00,1,8,16
248,Kasinje Health Centre,TX_CURR_MMD,Female,1-4 years,2025-08-26 01:24:06.624907+00:00,0,1,3
248,Kasinje Health Centre,TX_CURR_MMD,Male,75-79 years,2025-08-26 01:24:06.624907+00:00,0,3,9
248,Kasinje Health Centre,TX_CURR_MMD,Female,75-79 years,2025-08-26 01:24:06.624907+00:00,0,1,10
248,Kasinje Health Centre,TX_CURR_MMD,Female,70-74 years,2025-08-26 01:24:06.624907+00:00,0,7,13
248,Kasinje Health Centre,TX_CURR_MMD,Male,80-84 years,2025-08-26 01:24:06.624907+00:00,0,1,2
248,Kasinje Health Centre,TX_CURR_MMD,Male,10-14 years,2025-08-26 01:24:06.624907+00:00,2,12,3
248,Kasinje Health Centre,TX_CURR_MMD,Female,65-69 years,2025-08-26 01:24:06.624907+00:00,0,7,31
248,Kasinje Health Centre,TX_CURR_MMD,Female,60-64 years,2025-08-26 01:24:06.624907+00:00,0,4,58
248,Kasinje Health Centre,TX_CURR_MMD,Female,45-49 years,2025-08-26 01:24:06.624907+00:00,1,41,170
248,Kasinje Health Centre,TX_CURR_MMD,Male,85-89 years,2025-08-26 01:24:06.624907+00:00,0,0,1
248,Kasinje Health Centre,TX_CURR_MMD,Male,1-4 years,2025-08-26 01:24:06.624907+00:00,0,0,2
248,Kasinje Health Centre,TX_CURR_MMD,Female,50-54 years,2025-08-26 01:24:06.624907+00:00,1,16,120
248,Kasinje Health Centre,TX_CURR_MMD,Male,65-69 years,2025-08-26 01:24:06.624907+00:00,0,3,28
248,Kasinje Health Centre,TX_CURR_MMD,FP,All,2025-08-26 01:24:06.624907+00:00,4,11,7
248,Kasinje Health Centre,TX_CURR_MMD,Male,All,2025-08-26 01:24:06.624907+00:00,11,136,500
site_id,facility,indicator,sex,age_group,Date_Submitted,# of clients on <3 months of ARVs,# of clients on 3 - 5 months of ARVs,# of clients on >= 6 months of ARVs
303,Liuzi Health Centre,TX_CURR_MMD,Male,50-54 years,2025-08-26 01:24:06.626346+00:00,1,17,16
303,Liuzi Health Centre,TX_CURR_MMD,Male,65-69 years,2025-08-26 01:24:06.626346+00:00,0,5,6
303,Liuzi Health Centre,TX_CURR_MMD,Male,15-19 years,2025-08-26 01:24:06.626346+00:00,0,3,0
303,Liuzi Health Centre,TX_CURR_MMD,Male,45-49 years,2025-08-26 01:24:06.626346+00:00,2,13,21
303,Liuzi Health Centre,TX_CURR_MMD,Female,10-14 years,2025-08-26 01:24:06.626346+00:00,0,4,2
303,Liuzi Health Centre,TX_CURR_MMD,Female,35-39 years,2025-08-26 01:24:06.626346+00:00,5,23,21
303,Liuzi Health Centre,TX_CURR_MMD,Female,40-44 years,2025-08-26 01:24:06.626346+00:00,2,23,31
303,Liuzi Health Centre,TX_CURR_MMD,Male,30-34 years,2025-08-26 01:24:06.626346+00:00,2,5,7
303,Liuzi Health Centre,TX_CURR_MMD,Female,50-54 years,2025-08-26 01:24:06.626346+00:00,3,12,26
303,Liuzi Health Centre,TX_CURR_MMD,Male,20-24 years,2025-08-26 01:24:06.626346+00:00,0,1,3
303,Liuzi Health Centre,TX_CURR_MMD,Male,10-14 years,2025-08-26 01:24:06.626346+00:00,1,3,1
303,Liuzi Health Centre,TX_CURR_MMD,Female,15-19 years,2025-08-26 01:24:06.626346+00:00,0,6,4
303,Liuzi Health Centre,TX_CURR_MMD,FBF,All,2025-08-26 01:24:06.626346+00:00,3,16,3
303,Liuzi Health Centre,TX_CURR_MMD,Female,25-29 years,2025-08-26 01:24:06.626346+00:00,2,17,9
303,Liuzi Health Centre,TX_CURR_MMD,Male,All,2025-08-26 01:24:06.626346+00:00,14,83,104
303,Liuzi Health Centre,TX_CURR_MMD,Female,1-4 years,2025-08-26 01:24:06.626346+00:00,1,0,0
303,Liuzi Health Centre,TX_CURR_MMD,Female,45-49 years,2025-08-26 01:24:06.626346+00:00,0,20,20
303,Liuzi Health Centre,TX_CURR_MMD,Male,75-79 years,2025-08-26 01:24:06.626346+00:00,0,0,1
303,Liuzi Health Centre,TX_CURR_MMD,Female,55-59 years,2025-08-26 01:24:06.626346+00:00,0,9,11
303,Liuzi Health Centre,TX_CURR_MMD,Female,20-24 years,2025-08-26 01:24:06.626346+00:00,1,4,3
303,Liuzi Health Centre,TX_CURR_MMD,FNP,All,2025-08-26 01:24:06.626346+00:00,12,127,150
303,Liuzi Health Centre,TX_CURR_MMD,Male,35-39 years,2025-08-26 01:24:06.626346+00:00,3,5,7
303,Liuzi Health Centre,TX_CURR_MMD,Female,30-34 years,2025-08-26 01:24:06.626346+00:00,1,14,11
303,Liuzi Health Centre,TX_CURR_MMD,Male,70-74 years,2025-08-26 01:24:06.626346+00:00,0,1,2
303,Liuzi Health Centre,TX_CURR_MMD,Male,85-89 years,2025-08-26 01:24:06.626346+00:00,0,0,1
303,Liuzi Health Centre,TX_CURR_MMD,Male,25-29 years,2025-08-26 01:24:06.626346+00:00,1,6,2
303,Liuzi Health Centre,TX_CURR_MMD,Female,5-9 years,2025-08-26 01:24:06.626346+00:00,0,2,2
303,Liuzi Health Centre,TX_CURR_MMD,Female,70-74 years,2025-08-26 01:24:06.626346+00:00,0,1,2
303,Liuzi Health Centre,TX_CURR_MMD,Male,40-44 years,2025-08-26 01:24:06.626346+00:00,2,6,16
303,Liuzi Health Centre,TX_CURR_MMD,Male,<1 years,2025-08-26 01:24:06.626346+00:00,0,1,0
303,Liuzi Health Centre,TX_CURR_MMD,Male,60-64 years,2025-08-26 01:24:06.626346+00:00,1,7,10
303,Liuzi Health Centre,TX_CURR_MMD,FP,All,2025-08-26 01:24:06.626346+00:00,0,1,2
303,Liuzi Health Centre,TX_CURR_MMD,Male,55-59 years,2025-08-26 01:24:06.626346+00:00,0,10,9
303,Liuzi Health Centre,TX_CURR_MMD,Male,5-9 years,2025-08-26 01:24:06.626346+00:00,1,0,2
303,Liuzi Health Centre,TX_CURR_MMD,Female,75-79 years,2025-08-26 01:24:06.626346+00:00,0,1,2
303,Liuzi Health Centre,TX_CURR_MMD,Female,60-64 years,2025-08-26 01:24:06.626346+00:00,0,6,9
303,Liuzi Health Centre,TX_CURR_MMD,Female,65-69 years,2025-08-26 01:24:06.626346+00:00,0,2,2
site_id,facility,indicator,sex,age_group,Date_Submitted,# of clients on <3 months of ARVs,# of clients on 3 - 5 months of ARVs,# of clients on >= 6 months of ARVs
359,Mangochi District Hospital,TX_CURR_MMD,Female,15-19 years,2025-08-26 01:24:06.629135+00:00,31,120,22
359,Mangochi District Hospital,TX_CURR_MMD,FNP,All,2025-08-26 01:24:06.629135+00:00,204,2965,1748
359,Mangochi District Hospital,TX_CURR_MMD,Unknown,15-19 years,2025-08-26 01:24:06.629135+00:00,0,0,1
359,Mangochi District Hospital,TX_CURR_MMD,Female,50-54 years,2025-08-26 01:24:06.629135+00:00,10,322,211
359,Mangochi District Hospital,TX_CURR_MMD,Female,40-44 years,2025-08-26 01:24:06.629135+00:00,47,594,341
359,Mangochi District Hospital,TX_CURR_MMD,Female,90 plus years,2025-08-26 01:24:06.629135+00:00,0,1,1
359,Mangochi District Hospital,TX_CURR_MMD,Male,70-74 years,2025-08-26 01:24:06.629135+00:00,2,28,20
359,Mangochi District Hospital,TX_CURR_MMD,Male,75-79 years,2025-08-26 01:24:06.629135+00:00,0,14,10
359,Mangochi District Hospital,TX_CURR_MMD,Female,45-49 years,2025-08-26 01:24:06.629135+00:00,13,426,307
359,Mangochi District Hospital,TX_CURR_MMD,Male,10-14 years,2025-08-26 01:24:06.629135+00:00,15,74,2
359,Mangochi District Hospital,TX_CURR_MMD,Female,35-39 years,2025-08-26 01:24:06.629135+00:00,55,497,235
359,Mangochi District Hospital,TX_CURR_MMD,Male,40-44 years,2025-08-26 01:24:06.629135+00:00,19,216,141
359,Mangochi District Hospital,TX_CURR_MMD,Female,80-84 years,2025-08-26 01:24:06.629135+00:00,0,10,6
359,Mangochi District Hospital,TX_CURR_MMD,Male,55-59 years,2025-08-26 01:24:06.629135+00:00,5,143,104
359,Mangochi District Hospital,TX_CURR_MMD,Male,1-4 years,2025-08-26 01:24:06.629135+00:00,4,2,26
359,Mangochi District Hospital,TX_CURR_MMD,FP,All,2025-08-26 01:24:06.629135+00:00,60,71,13
359,Mangochi District Hospital,TX_CURR_MMD,Male,25-29 years,2025-08-26 01:24:06.629135+00:00,10,46,36
359,Mangochi District Hospital,TX_CURR_MMD,Female,75-79 years,2025-08-26 01:24:06.629135+00:00,1,13,12
359,Mangochi District Hospital,TX_CURR_MMD,Male,30-34 years,2025-08-26 01:24:06.629135+00:00,10,82,37
359,Mangochi District Hospital,TX_CURR_MMD,Female,<1 years,2025-08-26 01:24:06.629135+00:00,1,0,1
359,Mangochi District Hospital,TX_CURR_MMD,Male,65-69 years,2025-08-26 01:24:06.629135+00:00,0,54,41
359,Mangochi District Hospital,TX_CURR_MMD,Male,60-64 years,2025-08-26 01:24:06.629135+00:00,2,106,86
359,Mangochi District Hospital,TX_CURR_MMD,Female,20-24 years,2025-08-26 01:24:06.629135+00:00,71,168,43
359,Mangochi District Hospital,TX_CURR_MMD,Male,90 plus years,2025-08-26 01:24:06.629135+00:00,0,0,1
359,Mangochi District Hospital,TX_CURR_MMD,Female,85-89 years,2025-08-26 01:24:06.629135+00:00,0,0,1
359,Mangochi District Hospital,TX_CURR_MMD,Male,20-24 years,2025-08-26 01:24:06.629135+00:00,11,58,27
359,Mangochi District Hospital,TX_CURR_MMD,Male,All,2025-08-26 01:24:06.629135+00:00,137,1502,953
359,Mangochi District Hospital,TX_CURR_MMD,Female,25-29 years,2025-08-26 01:24:06.629135+00:00,69,242,89
359,Mangochi District Hospital,TX_CURR_MMD,Unknown,65-69 years,2025-08-26 01:24:06.629135+00:00,0,0,1
359,Mangochi District Hospital,TX_CURR_MMD,FBF,All,2025-08-26 01:24:06.629135+00:00,136,266,9
359,Mangochi District Hospital,TX_CURR_MMD,Unknown,All,2025-08-26 01:24:06.629135+00:00,0,1,2
359,Mangochi District Hospital,TX_CURR_MMD,Female,60-64 years,2025-08-26 01:24:06.629135+00:00,2,106,88
359,Mangochi District Hospital,TX_CURR_MMD,Female,30-34 years,2025-08-26 01:24:06.629135+00:00,68,418,177
359,Mangochi District Hospital,TX_CURR_MMD,Female,65-69 years,2025-08-26 01:24:06.629135+00:00,5,66,41
359,Mangochi District Hospital,TX_CURR_MMD,Male,45-49 years,2025-08-26 01:24:06.629135+00:00,13,221,146
359,Mangochi District Hospital,TX_CURR_MMD,Male,35-39 years,2025-08-26 01:24:06.629135+00:00,8,136,75
359,Mangochi District Hospital,TX_CURR_MMD,Female,1-4 years,2025-08-26 01:24:06.629135+00:00,1,3,17
359,Mangochi District Hospital,TX_CURR_MMD,Male,50-54 years,2025-08-26 01:24:06.629135+00:00,9,201,167
359,Mangochi District Hospital,TX_CURR_MMD,Male,80-84 years,2025-08-26 01:24:06.629135+00:00,0,7,2
359,Mangochi District Hospital,TX_CURR_MMD,Female,55-59 years,2025-08-26 01:24:06.629135+00:00,4,165,128
359,Mangochi District Hospital,TX_CURR_MMD,Female,70-74 years,2025-08-26 01:24:06.629135+00:00,1,35,28
359,Mangochi District Hospital,TX_CURR_MMD,Male,15-19 years,2025-08-26 01:24:06.629135+00:00,23,74,11
359,Mangochi District Hospital,TX_CURR_MMD,Female,10-14 years,2025-08-26 01:24:06.629135+00:00,14,93,3
359,Mangochi District Hospital,TX_CURR_MMD,Female,5-9 years,2025-08-26 01:24:06.629135+00:00,7,24,19
359,Mangochi District Hospital,TX_CURR_MMD,Male,85-89 years,2025-08-26 01:24:06.629135+00:00,0,2,1
359,Mangochi District Hospital,TX_CURR_MMD,Male,5-9 years,2025-08-26 01:24:06.629135+00:00,6,38,20
site_id,facility,indicator,sex,age_group,Date_Submitted,# of clients on <3 months of ARVs,# of clients on 3 - 5 months of ARVs,# of clients on >= 6 months of ARVs
433,Mlangeni Health Centre,TX_CURR_MMD,Female,5-9 years,2025-08-26 01:24:06.645852+00:00,1,1,2
433,Mlangeni Health Centre,TX_CURR_MMD,Female,20-24 years,2025-08-26 01:24:06.645852+00:00,1,9,5
433,Mlangeni Health Centre,TX_CURR_MMD,Male,45-49 years,2025-08-26 01:24:06.645852+00:00,0,9,19
433,Mlangeni Health Centre,TX_CURR_MMD,Male,40-44 years,2025-08-26 01:24:06.645852+00:00,2,16,9
433,Mlangeni Health Centre,TX_CURR_MMD,Male,15-19 years,2025-08-26 01:24:06.645852+00:00,1,1,2
433,Mlangeni Health Centre,TX_CURR_MMD,Male,75-79 years,2025-08-26 01:24:06.645852+00:00,0,0,1
433,Mlangeni Health Centre,TX_CURR_MMD,Male,1-4 years,2025-08-26 01:24:06.645852+00:00,0,1,0
433,Mlangeni Health Centre,TX_CURR_MMD,Male,30-34 years,2025-08-26 01:24:06.645852+00:00,2,7,7
433,Mlangeni Health Centre,TX_CURR_MMD,Female,60-64 years,2025-08-26 01:24:06.645852+00:00,0,5,8
433,Mlangeni Health Centre,TX_CURR_MMD,Male,70-74 years,2025-08-26 01:24:06.645852+00:00,0,1,3
433,Mlangeni Health Centre,TX_CURR_MMD,Male,55-59 years,2025-08-26 01:24:06.645852+00:00,0,5,8
433,Mlangeni Health Centre,TX_CURR_MMD,Male,85-89 years,2025-08-26 01:24:06.645852+00:00,0,1,0
433,Mlangeni Health Centre,TX_CURR_MMD,Female,45-49 years,2025-08-26 01:24:06.645852+00:00,2,20,16
433,Mlangeni Health Centre,TX_CURR_MMD,Male,60-64 years,2025-08-26 01:24:06.645852+00:00,0,2,4
433,Mlangeni Health Centre,TX_CURR_MMD,FNP,All,2025-08-26 01:24:06.645852+00:00,12,132,94
433,Mlangeni Health Centre,TX_CURR_MMD,Male,All,2025-08-26 01:24:06.645852+00:00,11,66,89
433,Mlangeni Health Centre,TX_CURR_MMD,Female,85-89 years,2025-08-26 01:24:06.645852+00:00,0,0,1
433,Mlangeni Health Centre,TX_CURR_MMD,Male,25-29 years,2025-08-26 01:24:06.645852+00:00,1,4,4
433,Mlangeni Health Centre,TX_CURR_MMD,Female,10-14 years,2025-08-26 01:24:06.645852+00:00,0,1,1
433,Mlangeni Health Centre,TX_CURR_MMD,Male,10-14 years,2025-08-26 01:24:06.645852+00:00,1,1,3
433,Mlangeni Health Centre,TX_CURR_MMD,Female,25-29 years,2025-08-26 01:24:06.645852+00:00,3,15,13
433,Mlangeni Health Centre,TX_CURR_MMD,Male,35-39 years,2025-08-26 01:24:06.645852+00:00,2,6,11
433,Mlangeni Health Centre,TX_CURR_MMD,Female,40-44 years,2025-08-26 01:24:06.645852+00:00,1,27,26
433,Mlangeni Health Centre,TX_CURR_MMD,Male,5-9 years,2025-08-26 01:24:06.645852+00:00,0,1,3
433,Mlangeni Health Centre,TX_CURR_MMD,FP,All,2025-08-26 01:24:06.645852+00:00,0,3,48
433,Mlangeni Health Centre,TX_CURR_MMD,Female,55-59 years,2025-08-26 01:24:06.645852+00:00,0,11,11
433,Mlangeni Health Centre,TX_CURR_MMD,Male,65-69 years,2025-08-26 01:24:06.645852+00:00,0,3,1
433,Mlangeni Health Centre,TX_CURR_MMD,Male,20-24 years,2025-08-26 01:24:06.645852+00:00,1,4,4
433,Mlangeni Health Centre,TX_CURR_MMD,Female,15-19 years,2025-08-26 01:24:06.645852+00:00,0,2,5
433,Mlangeni Health Centre,TX_CURR_MMD,Female,65-69 years,2025-08-26 01:24:06.645852+00:00,0,4,5
433,Mlangeni Health Centre,TX_CURR_MMD,Female,50-54 years,2025-08-26 01:24:06.645852+00:00,2,11,15
433,Mlangeni Health Centre,TX_CURR_MMD,Male,50-54 years,2025-08-26 01:24:06.645852+00:00,1,4,10
433,Mlangeni Health Centre,TX_CURR_MMD,Female,30-34 years,2025-08-26 01:24:06.645852+00:00,1,16,15
433,Mlangeni Health Centre,TX_CURR_MMD,FBF,All,2025-08-26 01:24:06.645852+00:00,0,1,1
433,Mlangeni Health Centre,TX_CURR_MMD,Female,70-74 years,2025-08-26 01:24:06.645852+00:00,0,0,1
433,Mlangeni Health Centre,TX_CURR_MMD,Female,35-39 years,2025-08-26 01:24:06.645852+00:00,1,14,19
site_id,facility,indicator,sex,age_group,Date_Submitted,# of clients on <3 months of ARVs,# of clients on 3 - 5 months of ARVs,# of clients on >= 6 months of ARVs
468,Mtwalo Health Centre,TX_CURR_MMD,Male,30-34 years,2025-08-26 01:24:06.658054+00:00,3,6,2
468,Mtwalo Health Centre,TX_CURR_MMD,Female,1-4 years,2025-08-26 01:24:06.658054+00:00,0,0,1
468,Mtwalo Health Centre,TX_CURR_MMD,Female,65-69 years,2025-08-26 01:24:06.658054+00:00,2,1,1
468,Mtwalo Health Centre,TX_CURR_MMD,Male,5-9 years,2025-08-26 01:24:06.658054+00:00,0,2,0
468,Mtwalo Health Centre,TX_CURR_MMD,Female,35-39 years,2025-08-26 01:24:06.658054+00:00,2,10,7
468,Mtwalo Health Centre,TX_CURR_MMD,Female,55-59 years,2025-08-26 01:24:06.658054+00:00,1,8,9
468,Mtwalo Health Centre,TX_CURR_MMD,Female,40-44 years,2025-08-26 01:24:06.658054+00:00,1,15,14
468,Mtwalo Health Centre,TX_CURR_MMD,Male,65-69 years,2025-08-26 01:24:06.658054+00:00,1,1,4
468,Mtwalo Health Centre,TX_CURR_MMD,FBF,All,2025-08-26 01:24:06.658054+00:00,2,7,5
468,Mtwalo Health Centre,TX_CURR_MMD,Male,75-79 years,2025-08-26 01:24:06.658054+00:00,0,1,1
468,Mtwalo Health Centre,TX_CURR_MMD,Male,60-64 years,2025-08-26 01:24:06.658054+00:00,1,2,6
468,Mtwalo Health Centre,TX_CURR_MMD,Male,10-14 years,2025-08-26 01:24:06.658054+00:00,1,3,0
468,Mtwalo Health Centre,TX_CURR_MMD,Male,45-49 years,2025-08-26 01:24:06.658054+00:00,1,7,16
468,Mtwalo Health Centre,TX_CURR_MMD,Female,5-9 years,2025-08-26 01:24:06.658054+00:00,1,2,0
468,Mtwalo Health Centre,TX_CURR_MMD,Female,30-34 years,2025-08-26 01:24:06.658054+00:00,2,17,7
468,Mtwalo Health Centre,TX_CURR_MMD,Female,60-64 years,2025-08-26 01:24:06.658054+00:00,0,6,9
468,Mtwalo Health Centre,TX_CURR_MMD,Female,70-74 years,2025-08-26 01:24:06.658054+00:00,0,3,4
468,Mtwalo Health Centre,TX_CURR_MMD,Female,45-49 years,2025-08-26 01:24:06.658054+00:00,2,13,10
468,Mtwalo Health Centre,TX_CURR_MMD,FNP,All,2025-08-26 01:24:06.658054+00:00,14,92,80
468,Mtwalo Health Centre,TX_CURR_MMD,Male,55-59 years,2025-08-26 01:24:06.658054+00:00,2,9,9
468,Mtwalo Health Centre,TX_CURR_MMD,Male,70-74 years,2025-08-26 01:24:06.658054+00:00,0,0,1
468,Mtwalo Health Centre,TX_CURR_MMD,Male,40-44 years,2025-08-26 01:24:06.658054+00:00,2,14,13
468,Mtwalo Health Centre,TX_CURR_MMD,Female,20-24 years,2025-08-26 01:24:06.658054+00:00,3,7,4
468,Mtwalo Health Centre,TX_CURR_MMD,Female,80-84 years,2025-08-26 01:24:06.658054+00:00,0,0,1
468,Mtwalo Health Centre,TX_CURR_MMD,Male,All,2025-08-26 01:24:06.658054+00:00,20,72,63
468,Mtwalo Health Centre,TX_CURR_MMD,Female,10-14 years,2025-08-26 01:24:06.658054+00:00,0,1,0
468,Mtwalo Health Centre,TX_CURR_MMD,Female,25-29 years,2025-08-26 01:24:06.658054+00:00,6,6,2
468,Mtwalo Health Centre,TX_CURR_MMD,Male,50-54 years,2025-08-26 01:24:06.658054+00:00,3,7,2
468,Mtwalo Health Centre,TX_CURR_MMD,Female,75-79 years,2025-08-26 01:24:06.658054+00:00,0,0,1
468,Mtwalo Health Centre,TX_CURR_MMD,FP,All,2025-08-26 01:24:06.658054+00:00,4,6,1
468,Mtwalo Health Centre,TX_CURR_MMD,Male,20-24 years,2025-08-26 01:24:06.658054+00:00,1,3,1
468,Mtwalo Health Centre,TX_CURR_MMD,Male,85-89 years,2025-08-26 01:24:06.658054+00:00,0,1,0
468,Mtwalo Health Centre,TX_CURR_MMD,Male,25-29 years,2025-08-26 01:24:06.658054+00:00,2,5,1
468,Mtwalo Health Centre,TX_CURR_MMD,Male,35-39 years,2025-08-26 01:24:06.658054+00:00,3,8,5
468,Mtwalo Health Centre,TX_CURR_MMD,Female,50-54 years,2025-08-26 01:24:06.658054+00:00,0,12,15
468,Mtwalo Health Centre,TX_CURR_MMD,Female,15-19 years,2025-08-26 01:24:06.658054+00:00,0,4,1
468,Mtwalo Health Centre,TX_CURR_MMD,Male,80-84 years,2025-08-26 01:24:06.658054+00:00,0,0,1
468,Mtwalo Health Centre,TX_CURR_MMD,Male,15-19 years,2025-08-26 01:24:06.658054+00:00,0,3,1
site_id,facility,indicator,sex,age_group,Date_Submitted,# of clients on <3 months of ARVs,# of clients on 3 - 5 months of ARVs,# of clients on >= 6 months of ARVs
495,Mzimba District Hospital,TX_CURR_MMD,Unknown,All,2025-08-26 01:24:06.658051+00:00,0,0,3
495,Mzimba District Hospital,TX_CURR_MMD,Male,All,2025-08-26 01:24:06.658051+00:00,170,732,1191
495,Mzimba District Hospital,TX_CURR_MMD,FNP,All,2025-08-26 01:24:06.658051+00:00,304,1087,1998
495,Mzimba District Hospital,TX_CURR_MMD,Female,<1 years,2025-08-26 01:24:06.658051+00:00,0,1,0
495,Mzimba District Hospital,TX_CURR_MMD,Male,65-69 years,2025-08-26 01:24:06.658051+00:00,4,38,51
495,Mzimba District Hospital,TX_CURR_MMD,Male,20-24 years,2025-08-26 01:24:06.658051+00:00,7,35,27
495,Mzimba District Hospital,TX_CURR_MMD,Female,45-49 years,2025-08-26 01:24:06.658051+00:00,26,195,349
495,Mzimba District Hospital,TX_CURR_MMD,Female,40-44 years,2025-08-26 01:24:06.658051+00:00,57,184,387
495,Mzimba District Hospital,TX_CURR_MMD,FP,All,2025-08-26 01:24:06.658051+00:00,14,28,9
495,Mzimba District Hospital,TX_CURR_MMD,Male,75-79 years,2025-08-26 01:24:06.658051+00:00,2,12,7
495,Mzimba District Hospital,TX_CURR_MMD,Male,1-4 years,2025-08-26 01:24:06.658051+00:00,0,1,10
495,Mzimba District Hospital,TX_CURR_MMD,Male,85-89 years,2025-08-26 01:24:06.658051+00:00,0,1,3
495,Mzimba District Hospital,TX_CURR_MMD,Female,25-29 years,2025-08-26 01:24:06.658051+00:00,44,96,125
495,Mzimba District Hospital,TX_CURR_MMD,Female,65-69 years,2025-08-26 01:24:06.658051+00:00,2,29,57
495,Mzimba District Hospital,TX_CURR_MMD,Unknown,55-59 years,2025-08-26 01:24:06.658051+00:00,0,0,1
495,Mzimba District Hospital,TX_CURR_MMD,Unknown,45-49 years,2025-08-26 01:24:06.658051+00:00,0,0,1
495,Mzimba District Hospital,TX_CURR_MMD,Female,75-79 years,2025-08-26 01:24:06.658051+00:00,0,2,8
495,Mzimba District Hospital,TX_CURR_MMD,Male,45-49 years,2025-08-26 01:24:06.658051+00:00,24,102,225
495,Mzimba District Hospital,TX_CURR_MMD,Female,35-39 years,2025-08-26 01:24:06.658051+00:00,57,169,265
495,Mzimba District Hospital,TX_CURR_MMD,Male,25-29 years,2025-08-26 01:24:06.658051+00:00,12,36,35
495,Mzimba District Hospital,TX_CURR_MMD,Male,15-19 years,2025-08-26 01:24:06.658051+00:00,2,25,22
495,Mzimba District Hospital,TX_CURR_MMD,Female,50-54 years,2025-08-26 01:24:06.658051+00:00,20,130,257
495,Mzimba District Hospital,TX_CURR_MMD,Female,5-9 years,2025-08-26 01:24:06.658051+00:00,4,11,4
495,Mzimba District Hospital,TX_CURR_MMD,Female,1-4 years,2025-08-26 01:24:06.658051+00:00,1,1,11
495,Mzimba District Hospital,TX_CURR_MMD,Male,60-64 years,2025-08-26 01:24:06.658051+00:00,17,71,110
495,Mzimba District Hospital,TX_CURR_MMD,Male,40-44 years,2025-08-26 01:24:06.658051+00:00,25,81,150
495,Mzimba District Hospital,TX_CURR_MMD,Female,80-84 years,2025-08-26 01:24:06.658051+00:00,0,2,1
495,Mzimba District Hospital,TX_CURR_MMD,Female,15-19 years,2025-08-26 01:24:06.658051+00:00,26,43,19
495,Mzimba District Hospital,TX_CURR_MMD,Female,70-74 years,2025-08-26 01:24:06.658051+00:00,2,14,24
495,Mzimba District Hospital,TX_CURR_MMD,Female,30-34 years,2025-08-26 01:24:06.658051+00:00,56,145,186
495,Mzimba District Hospital,TX_CURR_MMD,Female,10-14 years,2025-08-26 01:24:06.658051+00:00,6,21,11
495,Mzimba District Hospital,TX_CURR_MMD,FBF,All,2025-08-26 01:24:06.658051+00:00,39,132,2
495,Mzimba District Hospital,TX_CURR_MMD,Male,30-34 years,2025-08-26 01:24:06.658051+00:00,17,51,47
495,Mzimba District Hospital,TX_CURR_MMD,Male,<1 years,2025-08-26 01:24:06.658051+00:00,1,0,0
495,Mzimba District Hospital,TX_CURR_MMD,Male,10-14 years,2025-08-26 01:24:06.658051+00:00,5,21,10
495,Mzimba District Hospital,TX_CURR_MMD,Male,70-74 years,2025-08-26 01:24:06.658051+00:00,0,20,29
495,Mzimba District Hospital,TX_CURR_MMD,Female,20-24 years,2025-08-26 01:24:06.658051+00:00,34,61,45
495,Mzimba District Hospital,TX_CURR_MMD,Male,55-59 years,2025-08-26 01:24:06.658051+00:00,13,66,161
495,Mzimba District Hospital,TX_CURR_MMD,Male,50-54 years,2025-08-26 01:24:06.658051+00:00,20,92,192
495,Mzimba District Hospital,TX_CURR_MMD,Male,80-84 years,2025-08-26 01:24:06.658051+00:00,0,0,5
495,Mzimba District Hospital,TX_CURR_MMD,Female,60-64 years,2025-08-26 01:24:06.658051+00:00,13,53,102
495,Mzimba District Hospital,TX_CURR_MMD,Male,35-39 years,2025-08-26 01:24:06.658051+00:00,19,68,103
495,Mzimba District Hospital,TX_CURR_MMD,Unknown,60-64 years,2025-08-26 01:24:06.658051+00:00,0,0,1
495,Mzimba District Hospital,TX_CURR_MMD,Male,5-9 years,2025-08-26 01:24:06.658051+00:00,2,12,4
495,Mzimba District Hospital,TX_CURR_MMD,Female,55-59 years,2025-08-26 01:24:06.658051+00:00,9,90,158
site_id,facility,indicator,sex,age_group,Date_Submitted,# of clients on <3 months of ARVs,# of clients on 3 - 5 months of ARVs,# of clients on >= 6 months of ARVs
530,Ndamera Health Centre,TX_CURR_MMD,Male,80-84 years,2025-08-26 01:24:06.673439+00:00,0,2,0
530,Ndamera Health Centre,TX_CURR_MMD,Female,60-64 years,2025-08-26 01:24:06.673439+00:00,0,33,33
530,Ndamera Health Centre,TX_CURR_MMD,Female,85-89 years,2025-08-26 01:24:06.673439+00:00,0,0,1
530,Ndamera Health Centre,TX_CURR_MMD,Male,15-19 years,2025-08-26 01:24:06.673439+00:00,1,14,2
530,Ndamera Health Centre,TX_CURR_MMD,Male,55-59 years,2025-08-26 01:24:06.673439+00:00,2,28,25
530,Ndamera Health Centre,TX_CURR_MMD,Unknown,40-44 years,2025-08-26 01:24:06.673439+00:00,0,0,1
530,Ndamera Health Centre,TX_CURR_MMD,Female,65-69 years,2025-08-26 01:24:06.673439+00:00,1,9,12
530,Ndamera Health Centre,TX_CURR_MMD,Female,30-34 years,2025-08-26 01:24:06.673439+00:00,6,160,79
530,Ndamera Health Centre,TX_CURR_MMD,Female,40-44 years,2025-08-26 01:24:06.673439+00:00,10,129,113
530,Ndamera Health Centre,TX_CURR_MMD,Male,1-4 years,2025-08-26 01:24:06.673439+00:00,0,0,6
530,Ndamera Health Centre,TX_CURR_MMD,Male,50-54 years,2025-08-26 01:24:06.673439+00:00,5,50,53
530,Ndamera Health Centre,TX_CURR_MMD,Male,75-79 years,2025-08-26 01:24:06.673439+00:00,1,1,3
530,Ndamera Health Centre,TX_CURR_MMD,Male,<1 years,2025-08-26 01:24:06.673439+00:00,1,0,0
530,Ndamera Health Centre,TX_CURR_MMD,Unknown,All,2025-08-26 01:24:06.673439+00:00,0,0,1
530,Ndamera Health Centre,TX_CURR_MMD,Male,All,2025-08-26 01:24:06.673439+00:00,22,374,338
530,Ndamera Health Centre,TX_CURR_MMD,Female,1-4 years,2025-08-26 01:24:06.673439+00:00,0,5,12
530,Ndamera Health Centre,TX_CURR_MMD,Male,70-74 years,2025-08-26 01:24:06.673439+00:00,0,5,12
530,Ndamera Health Centre,TX_CURR_MMD,Female,75-79 years,2025-08-26 01:24:06.673439+00:00,0,6,3
530,Ndamera Health Centre,TX_CURR_MMD,Male,5-9 years,2025-08-26 01:24:06.673439+00:00,1,10,12
530,Ndamera Health Centre,TX_CURR_MMD,Male,10-14 years,2025-08-26 01:24:06.673439+00:00,0,31,1
530,Ndamera Health Centre,TX_CURR_MMD,Female,90 plus years,2025-08-26 01:24:06.673439+00:00,0,0,1
530,Ndamera Health Centre,TX_CURR_MMD,Male,25-29 years,2025-08-26 01:24:06.673439+00:00,0,14,19
530,Ndamera Health Centre,TX_CURR_MMD,Male,90 plus years,2025-08-26 01:24:06.673439+00:00,0,1,0
530,Ndamera Health Centre,TX_CURR_MMD,Female,25-29 years,2025-08-26 01:24:06.673439+00:00,8,99,56
530,Ndamera Health Centre,TX_CURR_MMD,Female,10-14 years,2025-08-26 01:24:06.673439+00:00,1,19,1
530,Ndamera Health Centre,TX_CURR_MMD,Female,80-84 years,2025-08-26 01:24:06.673439+00:00,0,0,2
530,Ndamera Health Centre,TX_CURR_MMD,Female,45-49 years,2025-08-26 01:24:06.673439+00:00,2,86,94
530,Ndamera Health Centre,TX_CURR_MMD,FBF,All,2025-08-26 01:24:06.673439+00:00,19,195,10
530,Ndamera Health Centre,TX_CURR_MMD,Female,55-59 years,2025-08-26 01:24:06.673439+00:00,3,35,48
530,Ndamera Health Centre,TX_CURR_MMD,Female,70-74 years,2025-08-26 01:24:06.673439+00:00,0,6,13
530,Ndamera Health Centre,TX_CURR_MMD,Male,85-89 years,2025-08-26 01:24:06.673439+00:00,0,0,2
530,Ndamera Health Centre,TX_CURR_MMD,Female,5-9 years,2025-08-26 01:24:06.673439+00:00,0,7,11
530,Ndamera Health Centre,TX_CURR_MMD,Female,50-54 years,2025-08-26 01:24:06.673439+00:00,2,70,71
530,Ndamera Health Centre,TX_CURR_MMD,Male,30-34 years,2025-08-26 01:24:06.673439+00:00,3,28,25
530,Ndamera Health Centre,TX_CURR_MMD,Female,20-24 years,2025-08-26 01:24:06.673439+00:00,12,42,25
530,Ndamera Health Centre,TX_CURR_MMD,Male,40-44 years,2025-08-26 01:24:06.673439+00:00,3,51,36
530,Ndamera Health Centre,TX_CURR_MMD,Male,35-39 years,2025-08-26 01:24:06.673439+00:00,3,39,45
530,Ndamera Health Centre,TX_CURR_MMD,Female,15-19 years,2025-08-26 01:24:06.673439+00:00,0,30,2
530,Ndamera Health Centre,TX_CURR_MMD,Female,35-39 years,2025-08-26 01:24:06.673439+00:00,11,148,87
530,Ndamera Health Centre,TX_CURR_MMD,FP,All,2025-08-26 01:24:06.673439+00:00,7,14,2
530,Ndamera Health Centre,TX_CURR_MMD,FNP,All,2025-08-26 01:24:06.673439+00:00,30,675,652
530,Ndamera Health Centre,TX_CURR_MMD,Male,60-64 years,2025-08-26 01:24:06.673439+00:00,1,17,22
530,Ndamera Health Centre,TX_CURR_MMD,Male,20-24 years,2025-08-26 01:24:06.673439+00:00,0,8,7
530,Ndamera Health Centre,TX_CURR_MMD,Male,65-69 years,2025-08-26 01:24:06.673439+00:00,1,9,13
530,Ndamera Health Centre,TX_CURR_MMD,Male,45-49 years,2025-08-26 01:24:06.673439+00:00,0,66,55
site_id,facility,indicator,sex,age_group,Date_Submitted,# of clients on <3 months of ARVs,# of clients on 3 - 5 months of ARVs,# of clients on >= 6 months of ARVs
533,Ndirande Urban Health Centre,TX_CURR_MMD,Male,45-49 years,2025-08-26 01:24:06.675288+00:00,20,59,454
533,Ndirande Urban Health Centre,TX_CURR_MMD,Unknown,20-24 years,2025-08-26 01:24:06.675288+00:00,0,0,1
533,Ndirande Urban Health Centre,TX_CURR_MMD,Unknown,30-34 years,2025-08-26 01:24:06.675288+00:00,0,0,1
533,Ndirande Urban Health Centre,TX_CURR_MMD,Male,All,2025-08-26 01:24:06.675288+00:00,114,524,2037
533,Ndirande Urban Health Centre,TX_CURR_MMD,FP,All,2025-08-26 01:24:06.675288+00:00,25,20,30
533,Ndirande Urban Health Centre,TX_CURR_MMD,Male,15-19 years,2025-08-26 01:24:06.675288+00:00,5,69,25
533,Ndirande Urban Health Centre,TX_CURR_MMD,Female,45-49 years,2025-08-26 01:24:06.675288+00:00,10,66,526
533,Ndirande Urban Health Centre,TX_CURR_MMD,Male,75-79 years,2025-08-26 01:24:06.675288+00:00,0,2,8
533,Ndirande Urban Health Centre,TX_CURR_MMD,Male,65-69 years,2025-08-26 01:24:06.675288+00:00,1,3,53
533,Ndirande Urban Health Centre,TX_CURR_MMD,Male,20-24 years,2025-08-26 01:24:06.675288+00:00,3,29,51
533,Ndirande Urban Health Centre,TX_CURR_MMD,Female,<1 years,2025-08-26 01:24:06.675288+00:00,1,1,0
533,Ndirande Urban Health Centre,TX_CURR_MMD,Female,10-14 years,2025-08-26 01:24:06.675288+00:00,6,40,5
533,Ndirande Urban Health Centre,TX_CURR_MMD,Male,1-4 years,2025-08-26 01:24:06.675288+00:00,1,3,10
533,Ndirande Urban Health Centre,TX_CURR_MMD,Female,35-39 years,2025-08-26 01:24:06.675288+00:00,31,192,524
533,Ndirande Urban Health Centre,TX_CURR_MMD,Female,15-19 years,2025-08-26 01:24:06.675288+00:00,17,66,24
533,Ndirande Urban Health Centre,TX_CURR_MMD,Male,<1 years,2025-08-26 01:24:06.675288+00:00,1,0,1
533,Ndirande Urban Health Centre,TX_CURR_MMD,Female,50-54 years,2025-08-26 01:24:06.675288+00:00,1,26,310
533,Ndirande Urban Health Centre,TX_CURR_MMD,FBF,All,2025-08-26 01:24:06.675288+00:00,19,218,20
533,Ndirande Urban Health Centre,TX_CURR_MMD,Male,10-14 years,2025-08-26 01:24:06.675288+00:00,7,45,7
533,Ndirande Urban Health Centre,TX_CURR_MMD,Male,70-74 years,2025-08-26 01:24:06.675288+00:00,1,1,35
533,Ndirande Urban Health Centre,TX_CURR_MMD,Male,40-44 years,2025-08-26 01:24:06.675288+00:00,24,81,368
533,Ndirande Urban Health Centre,TX_CURR_MMD,Female,70-74 years,2025-08-26 01:24:06.675288+00:00,0,2,27
533,Ndirande Urban Health Centre,TX_CURR_MMD,Female,1-4 years,2025-08-26 01:24:06.675288+00:00,4,2,7
533,Ndirande Urban Health Centre,TX_CURR_MMD,Male,60-64 years,2025-08-26 01:24:06.675288+00:00,0,12,110
533,Ndirande Urban Health Centre,TX_CURR_MMD,Unknown,All,2025-08-26 01:24:06.675288+00:00,0,0,3
533,Ndirande Urban Health Centre,TX_CURR_MMD,Unknown,60-64 years,2025-08-26 01:24:06.675288+00:00,0,0,1
533,Ndirande Urban Health Centre,TX_CURR_MMD,Male,25-29 years,2025-08-26 01:24:06.675288+00:00,7,19,68
533,Ndirande Urban Health Centre,TX_CURR_MMD,Female,75-79 years,2025-08-26 01:24:06.675288+00:00,0,1,10
533,Ndirande Urban Health Centre,TX_CURR_MMD,Female,30-34 years,2025-08-26 01:24:06.675288+00:00,39,173,373
533,Ndirande Urban Health Centre,TX_CURR_MMD,Female,5-9 years,2025-08-26 01:24:06.675288+00:00,0,24,12
533,Ndirande Urban Health Centre,TX_CURR_MMD,Male,55-59 years,2025-08-26 01:24:06.675288+00:00,7,16,172
533,Ndirande Urban Health Centre,TX_CURR_MMD,Male,35-39 years,2025-08-26 01:24:06.675288+00:00,15,71,254
533,Ndirande Urban Health Centre,TX_CURR_MMD,Female,25-29 years,2025-08-26 01:24:06.675288+00:00,29,160,264
533,Ndirande Urban Health Centre,TX_CURR_MMD,Male,5-9 years,2025-08-26 01:24:06.675288+00:00,4,11,8
533,Ndirande Urban Health Centre,TX_CURR_MMD,Female,20-24 years,2025-08-26 01:24:06.675288+00:00,25,93,111
533,Ndirande Urban Health Centre,TX_CURR_MMD,FNP,All,2025-08-26 01:24:06.675288+00:00,145,779,3098
533,Ndirande Urban Health Centre,TX_CURR_MMD,Female,60-64 years,2025-08-26 01:24:06.675288+00:00,3,11,103
533,Ndirande Urban Health Centre,TX_CURR_MMD,Female,80-84 years,2025-08-26 01:24:06.675288+00:00,0,2,3
533,Ndirande Urban Health Centre,TX_CURR_MMD,Female,90 plus years,2025-08-26 01:24:06.675288+00:00,0,1,1
533,Ndirande Urban Health Centre,TX_CURR_MMD,Male,50-54 years,2025-08-26 01:24:06.675288+00:00,5,46,278
533,Ndirande Urban Health Centre,TX_CURR_MMD,Male,30-34 years,2025-08-26 01:24:06.675288+00:00,13,56,132
533,Ndirande Urban Health Centre,TX_CURR_MMD,Female,40-44 years,2025-08-26 01:24:06.675288+00:00,21,144,680
533,Ndirande Urban Health Centre,TX_CURR_MMD,Male,80-84 years,2025-08-26 01:24:06.675288+00:00,0,1,3
533,Ndirande Urban Health Centre,TX_CURR_MMD,Female,65-69 years,2025-08-26 01:24:06.675288+00:00,0,4,38
533,Ndirande Urban Health Centre,TX_CURR_MMD,Female,55-59 years,2025-08-26 01:24:06.675288+00:00,2,9,130
site_id,facility,indicator,sex,age_group,Date_Submitted,# of clients on <3 months of ARVs,# of clients on 3 - 5 months of ARVs,# of clients on >= 6 months of ARVs
574,Nsanje District Hospital,TX_CURR_MMD,Female,65-69 years,2025-08-26 01:24:06.685432+00:00,1,26,25
574,Nsanje District Hospital,TX_CURR_MMD,Female,5-9 years,2025-08-26 01:24:06.685432+00:00,2,19,22
574,Nsanje District Hospital,TX_CURR_MMD,Male,70-74 years,2025-08-26 01:24:06.685432+00:00,0,20,16
574,Nsanje District Hospital,TX_CURR_MMD,Male,50-54 years,2025-08-26 01:24:06.685432+00:00,9,120,151
574,Nsanje District Hospital,TX_CURR_MMD,FNP,All,2025-08-26 01:24:06.685432+00:00,147,1866,1206
574,Nsanje District Hospital,TX_CURR_MMD,Male,80-84 years,2025-08-26 01:24:06.685432+00:00,0,2,2
574,Nsanje District Hospital,TX_CURR_MMD,Female,55-59 years,2025-08-26 01:24:06.685432+00:00,1,101,86
574,Nsanje District Hospital,TX_CURR_MMD,Male,20-24 years,2025-08-26 01:24:06.685432+00:00,3,36,17
574,Nsanje District Hospital,TX_CURR_MMD,Female,1-4 years,2025-08-26 01:24:06.685432+00:00,0,3,10
574,Nsanje District Hospital,TX_CURR_MMD,FP,All,2025-08-26 01:24:06.685432+00:00,52,31,8
574,Nsanje District Hospital,TX_CURR_MMD,Male,5-9 years,2025-08-26 01:24:06.685432+00:00,3,17,23
574,Nsanje District Hospital,TX_CURR_MMD,Female,<1 years,2025-08-26 01:24:06.685432+00:00,0,2,0
574,Nsanje District Hospital,TX_CURR_MMD,Female,85-89 years,2025-08-26 01:24:06.685432+00:00,0,1,1
574,Nsanje District Hospital,TX_CURR_MMD,Female,35-39 years,2025-08-26 01:24:06.685432+00:00,52,285,163
574,Nsanje District Hospital,TX_CURR_MMD,Female,60-64 years,2025-08-26 01:24:06.685432+00:00,3,70,46
574,Nsanje District Hospital,TX_CURR_MMD,Female,25-29 years,2025-08-26 01:24:06.685432+00:00,48,185,78
574,Nsanje District Hospital,TX_CURR_MMD,Female,80-84 years,2025-08-26 01:24:06.685432+00:00,0,3,2
574,Nsanje District Hospital,TX_CURR_MMD,Male,10-14 years,2025-08-26 01:24:06.685432+00:00,3,58,3
574,Nsanje District Hospital,TX_CURR_MMD,Female,45-49 years,2025-08-26 01:24:06.685432+00:00,13,274,174
574,Nsanje District Hospital,TX_CURR_MMD,Male,55-59 years,2025-08-26 01:24:06.685432+00:00,1,77,87
574,Nsanje District Hospital,TX_CURR_MMD,Male,30-34 years,2025-08-26 01:24:06.685432+00:00,6,78,40
574,Nsanje District Hospital,TX_CURR_MMD,Female,15-19 years,2025-08-26 01:24:06.685432+00:00,8,100,2
574,Nsanje District Hospital,TX_CURR_MMD,Male,All,2025-08-26 01:24:06.685432+00:00,65,1051,805
574,Nsanje District Hospital,TX_CURR_MMD,FBF,All,2025-08-26 01:24:06.685432+00:00,72,265,5
574,Nsanje District Hospital,TX_CURR_MMD,Male,40-44 years,2025-08-26 01:24:06.685432+00:00,7,148,118
574,Nsanje District Hospital,TX_CURR_MMD,Male,65-69 years,2025-08-26 01:24:06.685432+00:00,1,30,34
574,Nsanje District Hospital,TX_CURR_MMD,Female,20-24 years,2025-08-26 01:24:06.685432+00:00,51,123,31
574,Nsanje District Hospital,TX_CURR_MMD,Male,45-49 years,2025-08-26 01:24:06.685432+00:00,5,170,145
574,Nsanje District Hospital,TX_CURR_MMD,Female,90 plus years,2025-08-26 01:24:06.685432+00:00,0,3,0
574,Nsanje District Hospital,TX_CURR_MMD,Female,30-34 years,2025-08-26 01:24:06.685432+00:00,53,313,131
574,Nsanje District Hospital,TX_CURR_MMD,Male,25-29 years,2025-08-26 01:24:06.685432+00:00,12,41,16
574,Nsanje District Hospital,TX_CURR_MMD,Female,70-74 years,2025-08-26 01:24:06.685432+00:00,0,18,18
574,Nsanje District Hospital,TX_CURR_MMD,Male,15-19 years,2025-08-26 01:24:06.685432+00:00,3,70,6
574,Nsanje District Hospital,TX_CURR_MMD,Male,1-4 years,2025-08-26 01:24:06.685432+00:00,0,7,6
574,Nsanje District Hospital,TX_CURR_MMD,Male,<1 years,2025-08-26 01:24:06.685432+00:00,0,0,1
574,Nsanje District Hospital,TX_CURR_MMD,Female,10-14 years,2025-08-26 01:24:06.685432+00:00,5,58,2
574,Nsanje District Hospital,TX_CURR_MMD,Male,90 plus years,2025-08-26 01:24:06.685432+00:00,0,0,1
574,Nsanje District Hospital,TX_CURR_MMD,Female,75-79 years,2025-08-26 01:24:06.685432+00:00,1,9,7
574,Nsanje District Hospital,TX_CURR_MMD,Male,60-64 years,2025-08-26 01:24:06.685432+00:00,1,67,56
574,Nsanje District Hospital,TX_CURR_MMD,Female,50-54 years,2025-08-26 01:24:06.685432+00:00,4,185,157
574,Nsanje District Hospital,TX_CURR_MMD,Male,35-39 years,2025-08-26 01:24:06.685432+00:00,10,98,75
574,Nsanje District Hospital,TX_CURR_MMD,Male,75-79 years,2025-08-26 01:24:06.685432+00:00,1,10,8
574,Nsanje District Hospital,TX_CURR_MMD,Female,40-44 years,2025-08-26 01:24:06.685432+00:00,29,384,264
574,Nsanje District Hospital,TX_CURR_MMD,Male,85-89 years,2025-08-26 01:24:06.685432+00:00,0,2,0
site_id,facility,indicator,sex,age_group,Date_Submitted,# of clients on <3 months of ARVs,# of clients on 3 - 5 months of ARVs,# of clients on >= 6 months of ARVs
689,Zomba Central Hospital,TX_CURR_MMD,Female,10-14 years,2025-08-26 01:24:06.696692+00:00,25,24,1
689,Zomba Central Hospital,TX_CURR_MMD,Female,1-4 years,2025-08-26 01:24:06.696692+00:00,4,6,3
689,Zomba Central Hospital,TX_CURR_MMD,Female,15-19 years,2025-08-26 01:24:06.696692+00:00,64,77,14
689,Zomba Central Hospital,TX_CURR_MMD,Female,<1 years,2025-08-26 01:24:06.696692+00:00,1,0,0
689,Zomba Central Hospital,TX_CURR_MMD,Female,20-24 years,2025-08-26 01:24:06.696692+00:00,46,89,51
689,Zomba Central Hospital,TX_CURR_MMD,Female,25-29 years,2025-08-26 01:24:06.696692+00:00,49,122,110
689,Zomba Central Hospital,TX_CURR_MMD,Female,30-34 years,2025-08-26 01:24:06.696692+00:00,47,167,172
689,Zomba Central Hospital,TX_CURR_MMD,Female,35-39 years,2025-08-26 01:24:06.696692+00:00,42,255,271
689,Zomba Central Hospital,TX_CURR_MMD,Female,40-44 years,2025-08-26 01:24:06.696692+00:00,32,404,475
689,Zomba Central Hospital,TX_CURR_MMD,Female,45-49 years,2025-08-26 01:24:06.696692+00:00,21,379,533
689,Zomba Central Hospital,TX_CURR_MMD,Female,50-54 years,2025-08-26 01:24:06.696692+00:00,11,276,328
689,Zomba Central Hospital,TX_CURR_MMD,Female,55-59 years,2025-08-26 01:24:06.696692+00:00,7,180,222
689,Zomba Central Hospital,TX_CURR_MMD,Female,5-9 years,2025-08-26 01:24:06.696692+00:00,12,11,7
689,Zomba Central Hospital,TX_CURR_MMD,Female,60-64 years,2025-08-26 01:24:06.696692+00:00,3,143,142
689,Zomba Central Hospital,TX_CURR_MMD,Female,65-69 years,2025-08-26 01:24:06.696692+00:00,3,84,61
689,Zomba Central Hospital,TX_CURR_MMD,Female,70-74 years,2025-08-26 01:24:06.696692+00:00,1,34,34
689,Zomba Central Hospital,TX_CURR_MMD,Female,75-79 years,2025-08-26 01:24:06.696692+00:00,1,20,10
689,Zomba Central Hospital,TX_CURR_MMD,Female,80-84 years,2025-08-26 01:24:06.696692+00:00,0,3,3
689,Zomba Central Hospital,TX_CURR_MMD,FNP,All,2025-08-26 01:24:06.696692+00:00,369,2274,2437
689,Zomba Central Hospital,TX_CURR_MMD,Male,10-14 years,2025-08-26 01:24:06.696692+00:00,38,32,1
689,Zomba Central Hospital,TX_CURR_MMD,Male,1-4 years,2025-08-26 01:24:06.696692+00:00,3,6,0
689,Zomba Central Hospital,TX_CURR_MMD,Male,15-19 years,2025-08-26 01:24:06.696692+00:00,49,77,4
689,Zomba Central Hospital,TX_CURR_MMD,Male,20-24 years,2025-08-26 01:24:06.696692+00:00,12,70,52
689,Zomba Central Hospital,TX_CURR_MMD,Male,25-29 years,2025-08-26 01:24:06.696692+00:00,9,38,60
689,Zomba Central Hospital,TX_CURR_MMD,Male,30-34 years,2025-08-26 01:24:06.696692+00:00,13,47,55
689,Zomba Central Hospital,TX_CURR_MMD,Male,35-39 years,2025-08-26 01:24:06.696692+00:00,5,81,109
689,Zomba Central Hospital,TX_CURR_MMD,Male,40-44 years,2025-08-26 01:24:06.696692+00:00,14,175,196
689,Zomba Central Hospital,TX_CURR_MMD,Male,45-49 years,2025-08-26 01:24:06.696692+00:00,9,243,246
689,Zomba Central Hospital,TX_CURR_MMD,Male,50-54 years,2025-08-26 01:24:06.696692+00:00,7,233,227
689,Zomba Central Hospital,TX_CURR_MMD,Male,55-59 years,2025-08-26 01:24:06.696692+00:00,6,173,146
689,Zomba Central Hospital,TX_CURR_MMD,Male,5-9 years,2025-08-26 01:24:06.696692+00:00,5,21,9
689,Zomba Central Hospital,TX_CURR_MMD,Male,60-64 years,2025-08-26 01:24:06.696692+00:00,5,132,131
689,Zomba Central Hospital,TX_CURR_MMD,Male,65-69 years,2025-08-26 01:24:06.696692+00:00,2,65,68
689,Zomba Central Hospital,TX_CURR_MMD,Male,70-74 years,2025-08-26 01:24:06.696692+00:00,0,28,35
689,Zomba Central Hospital,TX_CURR_MMD,Male,75-79 years,2025-08-26 01:24:06.696692+00:00,0,15,16
689,Zomba Central Hospital,TX_CURR_MMD,Male,80-84 years,2025-08-26 01:24:06.696692+00:00,1,5,4
689,Zomba Central Hospital,TX_CURR_MMD,Male,85-89 years,2025-08-26 01:24:06.696692+00:00,0,2,2
689,Zomba Central Hospital,TX_CURR_MMD,Male,90 plus years,2025-08-26 01:24:06.696692+00:00,0,2,1
689,Zomba Central Hospital,TX_CURR_MMD,Male,All,2025-08-26 01:24:06.696692+00:00,178,1445,1362
689,Zomba Central Hospital,TX_CURR_MMD,Unknown,25-29 years,2025-08-26 01:24:06.696692+00:00,0,1,0
689,Zomba Central Hospital,TX_CURR_MMD,Unknown,45-49 years,2025-08-26 01:24:06.696692+00:00,0,0,1
689,Zomba Central Hospital,TX_CURR_MMD,Unknown,All,2025-08-26 01:24:06.696692+00:00,0,1,1
site_id,facility,indicator,sex,age_group,Date_Submitted,# of clients on <3 months of ARVs,# of clients on 3 - 5 months of ARVs,# of clients on >= 6 months of ARVs
843,Kachere Private Clinic,TX_CURR_MMD,Male,40-44 years,2025-08-26 01:24:06.706402+00:00,8,17,13
843,Kachere Private Clinic,TX_CURR_MMD,Male,30-34 years,2025-08-26 01:24:06.706402+00:00,2,3,3
843,Kachere Private Clinic,TX_CURR_MMD,Male,10-14 years,2025-08-26 01:24:06.706402+00:00,0,1,1
843,Kachere Private Clinic,TX_CURR_MMD,Female,50-54 years,2025-08-26 01:24:06.706402+00:00,6,11,15
843,Kachere Private Clinic,TX_CURR_MMD,Female,30-34 years,2025-08-26 01:24:06.706402+00:00,5,17,7
843,Kachere Private Clinic,TX_CURR_MMD,Female,40-44 years,2025-08-26 01:24:06.706402+00:00,4,30,27
843,Kachere Private Clinic,TX_CURR_MMD,FBF,All,2025-08-26 01:24:06.706402+00:00,1,1,1
843,Kachere Private Clinic,TX_CURR_MMD,Male,20-24 years,2025-08-26 01:24:06.706402+00:00,0,1,2
843,Kachere Private Clinic,TX_CURR_MMD,Male,70-74 years,2025-08-26 01:24:06.706402+00:00,1,1,1
843,Kachere Private Clinic,TX_CURR_MMD,Male,15-19 years,2025-08-26 01:24:06.706402+00:00,0,2,0
843,Kachere Private Clinic,TX_CURR_MMD,Male,25-29 years,2025-08-26 01:24:06.706402+00:00,1,1,2
843,Kachere Private Clinic,TX_CURR_MMD,Male,65-69 years,2025-08-26 01:24:06.706402+00:00,1,0,2
843,Kachere Private Clinic,TX_CURR_MMD,Female,20-24 years,2025-08-26 01:24:06.706402+00:00,1,1,3
843,Kachere Private Clinic,TX_CURR_MMD,Female,55-59 years,2025-08-26 01:24:06.706402+00:00,1,7,7
843,Kachere Private Clinic,TX_CURR_MMD,Female,60-64 years,2025-08-26 01:24:06.706402+00:00,1,5,1
843,Kachere Private Clinic,TX_CURR_MMD,Female,35-39 years,2025-08-26 01:24:06.706402+00:00,6,34,16
843,Kachere Private Clinic,TX_CURR_MMD,Female,25-29 years,2025-08-26 01:24:06.706402+00:00,0,4,8
843,Kachere Private Clinic,TX_CURR_MMD,Female,15-19 years,2025-08-26 01:24:06.706402+00:00,0,2,0
843,Kachere Private Clinic,TX_CURR_MMD,Male,45-49 years,2025-08-26 01:24:06.706402+00:00,8,26,17
843,Kachere Private Clinic,TX_CURR_MMD,Male,50-54 years,2025-08-26 01:24:06.706402+00:00,5,21,14
843,Kachere Private Clinic,TX_CURR_MMD,Male,All,2025-08-26 01:24:06.706402+00:00,34,101,77
843,Kachere Private Clinic,TX_CURR_MMD,Female,45-49 years,2025-08-26 01:24:06.706402+00:00,2,25,18
843,Kachere Private Clinic,TX_CURR_MMD,FP,All,2025-08-26 01:24:06.706402+00:00,0,2,0
843,Kachere Private Clinic,TX_CURR_MMD,Male,55-59 years,2025-08-26 01:24:06.706402+00:00,3,12,13
843,Kachere Private Clinic,TX_CURR_MMD,Male,35-39 years,2025-08-26 01:24:06.706402+00:00,5,10,6
843,Kachere Private Clinic,TX_CURR_MMD,Female,70-74 years,2025-08-26 01:24:06.706402+00:00,0,4,1
843,Kachere Private Clinic,TX_CURR_MMD,Male,60-64 years,2025-08-26 01:24:06.706402+00:00,0,6,3
843,Kachere Private Clinic,TX_CURR_MMD,Female,65-69 years,2025-08-26 01:24:06.706402+00:00,1,2,3
843,Kachere Private Clinic,TX_CURR_MMD,FNP,All,2025-08-26 01:24:06.706402+00:00,26,139,105
site_id,facility,indicator,sex,age_group,Date_Submitted,# of clients on <3 months of ARVs,# of clients on 3 - 5 months of ARVs,# of clients on >= 6 months of ARVs
848,Central Health Clinic Area 47,TX_CURR_MMD,Male,All,2025-08-26 01:24:06.715550+00:00,0,0,2
848,Central Health Clinic Area 47,TX_CURR_MMD,Male,50-54 years,2025-08-26 01:24:06.715550+00:00,0,0,2
848,Central Health Clinic Area 47,TX_CURR_MMD,FNP,All,2025-08-26 01:24:06.715550+00:00,0,0,1
848,Central Health Clinic Area 47,TX_CURR_MMD,Female,50-54 years,2025-08-26 01:24:06.715550+00:00,0,0,1
site_id,facility,indicator,sex,age_group,Date_Submitted,# of clients on <3 months of ARVs,# of clients on 3 - 5 months of ARVs,# of clients on >= 6 months of ARVs
8,Area 18 Urban Health Centre,TX_CURR_MMD,Male,15-19 years,2025-08-26 01:24:06.553429+00:00,4,46,0
8,Area 18 Urban Health Centre,TX_CURR_MMD,Female,15-19 years,2025-08-26 01:24:06.553429+00:00,7,72,1
8,Area 18 Urban Health Centre,TX_CURR_MMD,Female,10-14 years,2025-08-26 01:24:06.553429+00:00,1,30,0
8,Area 18 Urban Health Centre,TX_CURR_MMD,Male,75-79 years,2025-08-26 01:24:06.553429+00:00,0,1,2
8,Area 18 Urban Health Centre,TX_CURR_MMD,Male,All,2025-08-26 01:24:06.553429+00:00,91,893,988
8,Area 18 Urban Health Centre,TX_CURR_MMD,Female,25-29 years,2025-08-26 01:24:06.553429+00:00,51,210,116
8,Area 18 Urban Health Centre,TX_CURR_MMD,Male,5-9 years,2025-08-26 01:24:06.553429+00:00,1,9,8
8,Area 18 Urban Health Centre,TX_CURR_MMD,Male,40-44 years,2025-08-26 01:24:06.553429+00:00,15,161,180
8,Area 18 Urban Health Centre,TX_CURR_MMD,Female,1-4 years,2025-08-26 01:24:06.553429+00:00,1,5,6
8,Area 18 Urban Health Centre,TX_CURR_MMD,Male,45-49 years,2025-08-26 01:24:06.553429+00:00,10,178,200
8,Area 18 Urban Health Centre,TX_CURR_MMD,Male,70-74 years,2025-08-26 01:24:06.553429+00:00,0,11,10
8,Area 18 Urban Health Centre,TX_CURR_MMD,FBF,All,2025-08-26 01:24:06.553429+00:00,52,214,9
8,Area 18 Urban Health Centre,TX_CURR_MMD,Female,55-59 years,2025-08-26 01:24:06.553429+00:00,1,40,60
8,Area 18 Urban Health Centre,TX_CURR_MMD,Male,20-24 years,2025-08-26 01:24:06.553429+00:00,4,24,19
8,Area 18 Urban Health Centre,TX_CURR_MMD,Female,70-74 years,2025-08-26 01:24:06.553429+00:00,0,6,11
8,Area 18 Urban Health Centre,TX_CURR_MMD,Female,35-39 years,2025-08-26 01:24:06.553429+00:00,23,277,276
8,Area 18 Urban Health Centre,TX_CURR_MMD,Male,65-69 years,2025-08-26 01:24:06.553429+00:00,2,17,22
8,Area 18 Urban Health Centre,TX_CURR_MMD,Female,60-64 years,2025-08-26 01:24:06.553429+00:00,0,25,30
8,Area 18 Urban Health Centre,TX_CURR_MMD,FP,All,2025-08-26 01:24:06.553429+00:00,23,68,16
8,Area 18 Urban Health Centre,TX_CURR_MMD,Female,40-44 years,2025-08-26 01:24:06.553429+00:00,16,278,349
8,Area 18 Urban Health Centre,TX_CURR_MMD,Female,50-54 years,2025-08-26 01:24:06.553429+00:00,3,94,148
8,Area 18 Urban Health Centre,TX_CURR_MMD,Male,80-84 years,2025-08-26 01:24:06.553429+00:00,0,0,1
8,Area 18 Urban Health Centre,TX_CURR_MMD,FNP,All,2025-08-26 01:24:06.553429+00:00,100,1313,1535
8,Area 18 Urban Health Centre,TX_CURR_MMD,Female,5-9 years,2025-08-26 01:24:06.553429+00:00,0,8,8
8,Area 18 Urban Health Centre,TX_CURR_MMD,Female,65-69 years,2025-08-26 01:24:06.553429+00:00,2,8,19
8,Area 18 Urban Health Centre,TX_CURR_MMD,Male,50-54 years,2025-08-26 01:24:06.553429+00:00,10,85,149
8,Area 18 Urban Health Centre,TX_CURR_MMD,Female,30-34 years,2025-08-26 01:24:06.553429+00:00,37,270,224
8,Area 18 Urban Health Centre,TX_CURR_MMD,Male,1-4 years,2025-08-26 01:24:06.553429+00:00,1,2,3
8,Area 18 Urban Health Centre,TX_CURR_MMD,Female,20-24 years,2025-08-26 01:24:06.553429+00:00,20,84,54
8,Area 18 Urban Health Centre,TX_CURR_MMD,Male,35-39 years,2025-08-26 01:24:06.553429+00:00,15,116,138
8,Area 18 Urban Health Centre,TX_CURR_MMD,Male,<1 years,2025-08-26 01:24:06.553429+00:00,1,2,0
8,Area 18 Urban Health Centre,TX_CURR_MMD,Female,80-84 years,2025-08-26 01:24:06.553429+00:00,0,2,1
8,Area 18 Urban Health Centre,TX_CURR_MMD,Male,30-34 years,2025-08-26 01:24:06.553429+00:00,13,69,79
8,Area 18 Urban Health Centre,TX_CURR_MMD,Female,75-79 years,2025-08-26 01:24:06.553429+00:00,0,2,6
8,Area 18 Urban Health Centre,TX_CURR_MMD,Female,<1 years,2025-08-26 01:24:06.553429+00:00,2,0,0
8,Area 18 Urban Health Centre,TX_CURR_MMD,Male,25-29 years,2025-08-26 01:24:06.553429+00:00,10,48,39
8,Area 18 Urban Health Centre,TX_CURR_MMD,Male,10-14 years,2025-08-26 01:24:06.553429+00:00,1,36,0
8,Area 18 Urban Health Centre,TX_CURR_MMD,Female,45-49 years,2025-08-26 01:24:06.553429+00:00,11,184,251
8,Area 18 Urban Health Centre,TX_CURR_MMD,Male,60-64 years,2025-08-26 01:24:06.553429+00:00,0,35,55
8,Area 18 Urban Health Centre,TX_CURR_MMD,Male,55-59 years,2025-08-26 01:24:06.553429+00:00,4,53,83
